zpid,address,zipcode,city,state,latitude,longitude,price,price_per_sqft,price_change,zestimate,rent_zestimate,bedrooms,bathrooms,sqft,year_built,lot_size_acres,property_type,days_on_market,tax_assessed,tax_year,listing_url,photo_url,fetched_at,listing_type
459232307,3550 E Overton Rd #9f1be2131,75216,Dallas,TX,32.721416,-96.76802,1120.0,,,,1168.0,2,1.0,,,,apartment,68,,,https://www.zillow.com,https://photos.zillowstatic.com/fp/5d26aacc7a0eb0351bcd12ba1decf765-p_c.jpg,2026-08-03 11:19,For Rent
442730324,5313 Reiger Ave #104,75214,Dallas,TX,32.800114,-96.76066,1895.0,2.0,,,1546.0,1,1.0,872.0,1925.0,,apartment,23,,,https://www.zillow.com,https://photos.zillowstatic.com/fp/ce8edb0e78a97ab9d1fef95c212be09f-p_c.jpg,2026-08-03 11:19,For Rent
2084200878,3303 Southern Oaks Blvd APT 11305,75216,Dallas,TX,32.71707,-96.77432,1500.0,2.0,,,1375.0,2,2.0,950.0,,,apartment,68,,,https://www.zillow.com,https://photos.zillowstatic.com/fp/92be215487b25608c93e777aee45b73b-p_c.jpg,2026-08-03 11:19,For Rent
455545442,6201 Bordeaux Ave #1-101,75209,Dallas,TX,32.83322,-96.8245,1065.0,1.0,,,1212.0,1,1.0,734.0,1959.0,,apartment,16,,,https://www.zillow.com,https://photos.zillowstatic.com/fp/96b5ddc88d2878d4af704130a1cf2ead-p_c.jpg,2026-08-03 11:19,For Rent
448288376,1001 N Crawford St #202,75203,Dallas,TX,32.755077,-96.82207,999.0,3.0,,,1086.0,0,1.0,376.0,,,apartment,2,,,https://www.zillow.com,https://photos.zillowstatic.com/fp/6a7193cba5c30b00c932ab5827c88306-p_c.jpg,2026-08-03 11:19,For Rent
461305949,1519 Annex Ave #4cf790fe0,75204,Dallas,TX,32.80231,-96.77771,1150.0,2.0,,,1525.0,1,1.0,547.0,,,apartment,129,,,https://www.zillow.com,https://photos.zillowstatic.com/fp/77ce9ee1c9cde1b056783bc5ed39f267-p_c.jpg,2026-08-03 11:19,For Rent
402740699,11363 Amanda Ln APT 345,75238,Dallas,TX,32.877182,-96.68832,795.0,2.0,120.0,,916.0,1,1.0,503.0,,,apartment,139,,,https://www.zillow.com,https://photos.zillowstatic.com/fp/6cc00f123fffd2af1d1ce2d28131e6d5-p_c.jpg,2026-08-03 11:19,For Rent
2071617985,2525 N Henderson Ave #319,75206,Dallas,TX,32.81608,-96.78109,1610.0,2.0,,,1549.0,1,1.0,665.0,2004.0,,apartment,2,,,https://www.zillow.com,https://photos.zillowstatic.com/fp/218a44dea0e7203cc65bbe9323b31b9d-p_c.jpg,2026-08-03 11:19,For Rent
450862457,12270 Greenville Ave #6016,75243,Dallas,TX,32.91509,-96.74352,1725.0,6.0,-42.0,,973.0,0,1.0,300.0,,,apartment,452,,,https://www.zillow.com,https://photos.zillowstatic.com/fp/c9b6e3b65c921d35266a706b9918ab29-p_c.jpg,2026-08-03 11:19,For Rent
2056384297,615 Elsbeth St Unit 207,75208,Dallas,TX,32.750004,-96.82565,1499.0,2.0,-201.0,,1645.0,2,1.0,860.0,,,apartment,32,,,https://www.zillow.com,https://photos.zillowstatic.com/fp/4a2d065464c165d5aa886161d1f3856d-p_c.jpg,2026-08-03 11:19,For Rent
450862632,12121 Coit Rd #9708,75251,Dallas,TX,32.914177,-96.769905,1739.0,6.0,-205.0,,1543.0,0,1.0,270.0,,,apartment,452,,,https://www.zillow.com,https://photos.zillowstatic.com/fp/8e5c762ed75f3b8531da9ac738c3635c-p_c.jpg,2026-08-03 11:19,For Rent
2055330549,1641 N Windomere Ave #83b3911ea,75208,Dallas,TX,32.765846,-96.84454,1500.0,2.0,,,1507.0,1,1.0,700.0,,,apartment,1045,,,https://www.zillow.com,https://photos.zillowstatic.com/fp/536def845241b672ab339e7d8ce818f3-p_c.jpg,2026-08-03 11:19,For Rent
2084056432,601 N Ewing Ave APT 104,75203,Dallas,TX,32.755043,-96.813126,1400.0,2.0,,335500.0,1328.0,2,1.0,598.0,,,apartment,2,,,https://www.zillow.com,https://photos.zillowstatic.com/fp/0ce51ad854de602ad4e010b4d8f4ce44-p_c.jpg,2026-08-03 11:19,For Rent
2058228557,7610 Skillman St #B209,75231,Dallas,TX,32.886295,-96.7328,799.0,1.0,-26.0,,966.0,1,1.0,612.0,1985.0,,apartment,34,,,https://www.zillow.com,https://photos.zillowstatic.com/fp/f35589ef0f6232ff8ec9b897085f0819-p_c.jpg,2026-08-03 11:19,For Rent
462154151,2223 Bennett Ave APT 202,75206,Dallas,TX,32.811203,-96.78062,1200.0,2.0,,,1414.0,1,1.0,675.0,1984.0,,apartment,90,,,https://www.zillow.com,https://photos.zillowstatic.com/fp/eed0b6f7f62b34e9efadcec79dc35e34-p_c.jpg,2026-08-03 11:19,For Rent
458763101,2405 Abrams Rd #2423-C,75214,Dallas,TX,32.81836,-96.75329,1040.0,2.0,,,1072.0,0,1.0,500.0,,,apartment,2,,,https://www.zillow.com,https://photos.zillowstatic.com/fp/ab5b254cba4177259ca86896fe589774-p_c.jpg,2026-08-03 11:19,For Rent
2086696679,4501 Druid Ln APT 215,75205,Dallas,TX,32.84821,-96.81274,3435.0,3.0,40.0,,3172.0,2,2.0,1300.0,1985.0,,apartment,58,,,https://www.zillow.com,https://photos.zillowstatic.com/fp/eb1878ccf7f60c6b6dd4f30a6874636f-p_c.jpg,2026-08-03 11:19,For Rent
448211738,6235 Oram St #B1b8673de,75214,Dallas,TX,32.814114,-96.75722,1100.0,2.0,-150.0,,1345.0,1,1.0,675.0,,,apartment,510,,,https://www.zillow.com,https://photos.zillowstatic.com/fp/c6a60a7504e1df865925ebfeaa074c6f-p_c.jpg,2026-08-03 11:19,For Rent
462996117,612 N Lancaster Ave APT 105,75203,Dallas,TX,32.755386,-96.81378,1499.0,1.0,-51.0,,2133.0,2,2.0,1038.0,,,apartment,58,,,https://www.zillow.com,https://photos.zillowstatic.com/fp/b4cfa8e509f55539dcdec47e38fa0d20-p_c.jpg,2026-08-03 11:19,For Rent
2053400912,6315 Richmond Ave APT E,75214,Dallas,TX,32.816486,-96.75527,1400.0,3.0,101.0,,1163.0,1,1.0,540.0,,,apartment,117,,,https://www.zillow.com,https://photos.zillowstatic.com/fp/07b247419f6f4eedd2754efe47238971-p_c.jpg,2026-08-03 11:19,For Rent
447525314,13330 Emily Rd #D731a59d1,75240,Dallas,TX,32.928844,-96.7641,799.0,1.0,-101.0,,861.0,1,1.0,600.0,,,apartment,179,,,https://www.zillow.com,https://photos.zillowstatic.com/fp/045c0994d4b79130458e387d5db92659-p_c.jpg,2026-08-03 11:19,For Rent
458220474,1423 N Carroll Ave #6db926e37,75204,Dallas,TX,32.800613,-96.778595,3300.0,2.0,400.0,,3009.0,2,3.0,1722.0,,,apartment,262,,,https://www.zillow.com,https://photos.zillowstatic.com/fp/c5e0e2b7b74bba0eb8d8d4a36da7ca0b-p_c.jpg,2026-08-03 11:19,For Rent
461477767,2530 Community Dr #215,75220,Dallas,TX,32.85564,-96.87582,800.0,1.0,-145.0,,992.0,1,1.0,750.0,1970.0,,apartment,122,,,https://www.zillow.com,https://photos.zillowstatic.com/fp/e6c28a361b01bf8dc3099832ef5a610e-p_c.jpg,2026-08-03 11:19,For Rent
461477846,2510 Community Dr #221,75220,Dallas,TX,32.855206,-96.87676,850.0,1.0,-145.0,,989.0,1,1.0,736.0,1993.0,,apartment,122,,,https://www.zillow.com,https://photos.zillowstatic.com/fp/aca291be162a9738e23d64dea14e114b-p_c.jpg,2026-08-03 11:19,For Rent
458836965,2300 Arroyo Ave #307,75219,Dallas,TX,32.80807,-96.82488,2500.0,2.0,-400.0,,2920.0,1,1.0,1234.0,,,apartment,237,,,https://www.zillow.com,https://photos.zillowstatic.com/fp/c7938adb2e142646c2bb8ed4ed9588be-p_c.jpg,2026-08-03 11:19,For Rent
462421327,9707 Walnut Hill Ln #733,75238,Dallas,TX,32.87941,-96.719795,1300.0,,,,1547.0,2,2.0,,1983.0,,apartment,10,,,https://www.zillow.com,https://photos.zillowstatic.com/fp/6cbdf4a5ec14509ca4ed70378f319931-p_c.jpg,2026-08-03 11:19,For Rent
2054476960,5051 Lahoma St #4923B,75235,Dallas,TX,32.820797,-96.82059,1325.0,2.0,,,1259.0,1,1.0,665.0,,,apartment,276,,,https://www.zillow.com,https://photos.zillowstatic.com/fp/c36e3c1c397a143de83dc738cb278d12-p_c.jpg,2026-08-03 11:19,For Rent
450219817,1417 N Garrett Ave #262e40a25,75206,Dallas,TX,32.806076,-96.7722,1400.0,2.0,205.0,,1344.0,1,1.0,634.0,,,apartment,230,,,https://www.zillow.com,https://photos.zillowstatic.com/fp/ec56511b384da65ad234d308fe8b058d-p_c.jpg,2026-08-03 11:19,For Rent
2057844739,4201 San Jacinto St #S-208,75204,Dallas,TX,32.799984,-96.78216,1395.0,2.0,-605.0,,1516.0,1,1.0,603.0,,,apartment,257,,,https://www.zillow.com,https://photos.zillowstatic.com/fp/ba7e66331376a8e8ec4b70cd2a33aae1-p_c.jpg,2026-08-03 11:19,For Rent
461490068,4725 Junius St #E8c44ed57,75246,Dallas,TX,32.798355,-96.76991,995.0,2.0,,,1175.0,1,1.0,545.0,,,apartment,121,,,https://www.zillow.com,https://photos.zillowstatic.com/fp/c1c5141c432ce7b5bfa7d78e68bdfc91-p_c.jpg,2026-08-03 11:19,For Rent
461622602,4505 Cedar Springs Rd #427e3ce24,75219,Dallas,TX,32.81594,-96.81829,1285.0,2.0,-10.0,,1301.0,1,1.0,665.0,,,apartment,114,,,https://www.zillow.com,https://photos.zillowstatic.com/fp/c561183cb8376ffbe7d7606e049051d2-p_c.jpg,2026-08-03 11:19,For Rent
463713774,5411 Columbia Ave #5,75214,Dallas,TX,32.799896,-96.75847,1100.0,1.0,,,1036.0,1,1.0,770.0,1984.0,,apartment,26,,,https://www.zillow.com,https://photos.zillowstatic.com/fp/6d25937de22e051afc5b4bb386c2212d-p_c.jpg,2026-08-03 11:19,For Rent
461682109,2514 Community Dr #109,75220,Dallas,TX,32.85544,-96.87611,795.0,2.0,,,851.0,0,1.0,400.0,1977.0,,apartment,110,,,https://www.zillow.com,https://photos.zillowstatic.com/fp/a512c92289ad84ffb616afcf08e3b00a-p_c.jpg,2026-08-03 11:19,For Rent
462117133,4625 Bryan St #C77bc8c2f,75204,Dallas,TX,32.80235,-96.77596,995.0,2.0,,,1157.0,1,1.0,618.0,1955.0,,apartment,93,,,https://www.zillow.com,https://photos.zillowstatic.com/fp/7eff22dc15cbc1d926c590eb5c470cea-p_c.jpg,2026-08-03 11:19,For Rent
439929321,3921 Rawlins St #1B-1Ba-500Sqft,75219,Dallas,TX,32.812435,-96.808754,1195.0,2.0,,,1169.0,1,1.0,500.0,,,apartment,1070,,,https://www.zillow.com,https://photos.zillowstatic.com/fp/1ed41a63729ba039607e02b0d4ef64e7-p_c.jpg,2026-08-03 11:19,For Rent
2095206608,5515 Gaston Ave APT 116,75214,Dallas,TX,32.806274,-96.76299,1200.0,2.0,,,1480.0,2,2.0,800.0,1960.0,,apartment,87,,,https://www.zillow.com,https://photos.zillowstatic.com/fp/5a52abec2f4250c3625213269b240b11-p_c.jpg,2026-08-03 11:19,For Rent
439929293,4116 Rawlins St #0B-1Ba-515Sqft,75219,Dallas,TX,32.81478,-96.81053,1350.0,3.0,,,1178.0,0,1.0,515.0,,,apartment,68,,,https://www.zillow.com,https://photos.zillowstatic.com/fp/29a2ddc6c15dbdeaa663047580205094-p_c.jpg,2026-08-03 11:19,For Rent
457880978,5122 Gaston Ave #5381381,75214,Dallas,TX,32.802475,-96.765816,1175.0,2.0,,,1122.0,1,1.0,625.0,,,apartment,19,,,https://www.zillow.com,https://photos.zillowstatic.com/fp/9eedc52920ff85e598d837351ffae9c1-p_c.jpg,2026-08-03 11:19,For Rent
464058200,1100 S Pearl Expy #321,75201,Dallas,TX,32.777126,-96.788345,1746.0,3.0,,,1642.0,1,1.0,657.0,2025.0,,apartment,11,,,https://www.zillow.com,https://photos.zillowstatic.com/fp/e014e612050ce025d3a8ea4a03acdd56-p_c.jpg,2026-08-03 11:19,For Rent
2060301667,4915 Gaston Ave APT 203,75214,Dallas,TX,32.800995,-96.769005,995.0,2.0,,,1034.0,1,1.0,533.0,1985.0,,apartment,31,,,https://www.zillow.com,https://photos.zillowstatic.com/fp/dc8e91c00c9c78be9e09782186f2843b-p_c.jpg,2026-08-03 11:19,For Rent
26807910,3210 Whirlaway Rd,75229,Dallas,TX,32.881805,-96.8684,3240.0,1.0,,606300.0,4314.0,4,3.0,2653.0,,,singleFamily,4,589000.0,2025,https://www.zillow.com,https://photos.zillowstatic.com/fp/57522cbdc021654d071da383e21977e0-p_c.jpg,2026-08-03 11:19,For Rent
2120294820,5330 Junius St APT 106,75214,Dallas,TX,32.802956,-96.76285,865.0,1.0,-35.0,,1033.0,1,1.0,700.0,1961.0,,apartment,45,,,https://www.zillow.com,https://photos.zillowstatic.com/fp/e7e163a463d8d570e294f70085853e73-p_c.jpg,2026-08-03 11:19,For Rent
2076833812,5018 San Jacinto St #107,75206,Dallas,TX,32.806423,-96.77314,1150.0,2.0,,,1437.0,1,1.0,700.0,,,apartment,51,,,https://www.zillow.com,https://photos.zillowstatic.com/fp/86f03090b1479b5bf442a462d557342b-p_c.jpg,2026-08-03 11:19,For Rent
2086569608,5114 Columbia Ave APT 106,75214,Dallas,TX,32.797287,-96.76061,795.0,1.0,,,1109.0,1,1.0,625.0,,,apartment,3,,,https://www.zillow.com,https://photos.zillowstatic.com/fp/a75bd76839d8f97f0bf100898cac3278-p_c.jpg,2026-08-03 11:19,For Rent
2121770443,1502 N Peak St APT 8,75204,Dallas,TX,32.799946,-96.78016,1075.0,2.0,,,1438.0,1,1.0,508.0,1962.0,,apartment,45,,,https://www.zillow.com,https://photos.zillowstatic.com/fp/2d3083ac6989473e6ef3262d26d8d1b7-p_c.jpg,2026-08-03 11:19,For Rent
26728531,1215 S Oak Cliff Blvd,75208,Dallas,TX,32.73274,-96.853386,2185.0,2.0,-70.0,350700.0,2300.0,3,2.0,1260.0,2001.0,8799.12,singleFamily,36,396170.0,2025,https://www.zillow.com,https://photos.zillowstatic.com/fp/8057852f7355b7967dd89f45950c7c85-p_c.jpg,2026-08-03 11:19,For Rent
461489758,5010 Bryan St #9d14f158d,75206,Dallas,TX,32.804855,-96.771774,995.0,2.0,,,1270.0,1,1.0,540.0,,,apartment,121,,,https://www.zillow.com,https://photos.zillowstatic.com/fp/4ffa93a2863204c1adfec761a1280498-p_c.jpg,2026-08-03 11:19,For Rent
462221974,2103 Moser Ave #116,75206,Dallas,TX,32.812004,-96.77763,1801.0,3.0,,,2137.0,1,1.0,720.0,2017.0,,apartment,88,,,https://www.zillow.com,https://photos.zillowstatic.com/fp/867910c136b78a68bd4f7a76dfc72198-p_c.jpg,2026-08-03 11:19,For Rent
2075639120,4203 Gilbert Ave APT 108B,75219,Dallas,TX,32.818035,-96.807625,1195.0,2.0,50.0,,1125.0,1,1.0,585.0,,,apartment,279,,,https://www.zillow.com,https://photos.zillowstatic.com/fp/038e3603638b5c98dfe65962a975052b-p_c.jpg,2026-08-03 11:19,For Rent
457247571,5615 Ross Ave APT L,75206,Dallas,TX,32.811428,-96.768715,975.0,2.0,,,1114.0,0,1.0,430.0,1953.0,,apartment,26,,,https://www.zillow.com,https://photos.zillowstatic.com/fp/53e0403476147e317c5bdf550a0391bd-p_c.jpg,2026-08-03 11:19,For Rent
2063384886,1515 Bennett Ave APT 205,75206,Dallas,TX,32.805664,-96.77411,975.0,2.0,,,1101.0,1,1.0,500.0,1930.0,,apartment,30,,,https://www.zillow.com,https://photos.zillowstatic.com/fp/5c5289f1580ee166fc90b26e787d0cd0-p_c.jpg,2026-08-03 11:19,For Rent
2101275585,4602 Swiss Ave APT 8,75204,Dallas,TX,32.798435,-96.77358,795.0,1.0,-50.0,,1044.0,1,1.0,625.0,1954.0,,apartment,41,,,https://www.zillow.com,https://photos.zillowstatic.com/fp/f428d32a349d1bf92a9dc09223f7a64e-p_c.jpg,2026-08-03 11:19,For Rent
2088286876,4810 Live Oak St APT 7,75204,Dallas,TX,32.802246,-96.77243,995.0,2.0,,,1067.0,1,1.0,600.0,,,apartment,1,,,https://www.zillow.com,https://photos.zillowstatic.com/fp/d53b5dd1a60a43dfb56cf5c776600f32-p_c.jpg,2026-08-03 11:19,For Rent
459078886,10765 E Northwest Hwy #3x2-P,75238,Dallas,TX,32.864643,-96.69814,,,,,1943.0,3,2.0,1500.0,1968.0,,apartment,39,,,https://www.zillow.com,https://photos.zillowstatic.com/fp/588652e93de6535a1b0d07676c4ba131-p_c.jpg,2026-08-03 11:19,For Rent
461489933,4246 Cole Ave #37cf031cc,75205,Dallas,TX,32.81791,-96.79143,,,,,2133.0,1,1.0,,,,apartment,121,,,https://www.zillow.com,https://photos.zillowstatic.com/fp/c14af140e492b0bdb7d8ec74cd790c47-p_c.jpg,2026-08-03 11:19,For Rent
2093708280,4928 Bryan St APT 3,75206,Dallas,TX,32.804356,-96.77238,995.0,2.0,,,1129.0,1,1.0,600.0,1925.0,,apartment,46,,,https://www.zillow.com,https://photos.zillowstatic.com/fp/7c7ef0a30e681417d8d36dd05ad15b25-p_c.jpg,2026-08-03 11:19,For Rent
460475480,4708 San Jacinto St #A4a17443b,75204,Dallas,TX,32.804054,-96.77611,,,,,1183.0,1,1.0,,,,apartment,170,,,https://www.zillow.com,https://www.zillowstatic.com/static/images/nophoto_p_c.png,2026-08-03 11:19,For Rent
2103589660,3719 Miles St APT 106,75209,Dallas,TX,32.82873,-96.82013,1100.0,2.0,,,1077.0,1,1.0,575.0,1969.0,,apartment,32,,,https://www.zillow.com,https://photos.zillowstatic.com/fp/e6bedc4784024eb420c8b52202c209ac-p_c.jpg,2026-08-03 11:19,For Rent
461600478,6623 Mountain Trl #6639,75236,Dallas,TX,32.666767,-96.959404,2400.0,2.0,100.0,,2406.0,3,3.0,1536.0,,,apartment,240,,,https://www.zillow.com,https://photos.zillowstatic.com/fp/c77e28e3bc9e2053bb76425ee92a5c26-p_c.jpg,2026-08-03 11:19,For Rent
464216695,1900 Elm St #Fbb68ac96,75201,Dallas,TX,32.781757,-96.79553,,,,,,1,1.0,,,,apartment,4,,,https://www.zillow.com,https://www.zillowstatic.com/static/images/nophoto_p_c.png,2026-08-03 11:19,For Rent
2093936686,2212 N Fitzhugh Ave APT 8,75204,Dallas,TX,32.810665,-96.78095,800.0,1.0,,,1518.0,1,1.0,700.0,,,apartment,89,,,https://www.zillow.com,https://photos.zillowstatic.com/fp/0e4f666978e7b758d087ff044bc711eb-p_c.jpg,2026-08-03 11:19,For Rent
464207942,4929 Reiger Ave #E9d633d6a,75214,Dallas,TX,32.79723,-96.764336,1450.0,2.0,,,,2,2.0,850.0,,,apartment,4,,,https://www.zillow.com,https://photos.zillowstatic.com/fp/2422770efa6422c5167116885e84fc60-p_c.jpg,2026-08-03 11:19,For Rent
464042317,2501 S Harwood St #H12,75215,Dallas,TX,32.7676,-96.78012,1480.0,2.0,,,1399.0,0,1.0,833.0,,,apartment,11,,,https://www.zillow.com,https://photos.zillowstatic.com/fp/e69e66c9ada23cbe8a2cbd33bf24d0ad-p_c.jpg,2026-08-03 11:19,For Rent
344588796,10069 Spice Ln,75217,Dallas,TX,32.672867,-96.647255,,,,297100.0,2456.0,4,2.0,1705.0,,,singleFamily,30,313550.0,2025,https://www.zillow.com,https://photos.zillowstatic.com/fp/9e3ae9c2f1fa80c921e255ed933c379e-p_c.jpg,2026-08-03 11:19,For Rent
338040432,2089 Peppermint Ln,75217,Dallas,TX,32.672363,-96.64564,2550.0,1.0,-224.0,331400.0,2544.0,4,2.0,2100.0,,,singleFamily,99,355210.0,2025,https://www.zillow.com,https://photos.zillowstatic.com/fp/34dbb415400cd8645d79bb17dc7b9cfe-p_c.jpg,2026-08-03 11:19,For Rent
464065981,4606 Monarch St #C5cebe03a,75204,Dallas,TX,32.806053,-96.78084,,,,,1192.0,1,1.0,,,,apartment,11,,,https://www.zillow.com,https://photos.zillowstatic.com/fp/537023128fe3bad67664e49b85ea4aff-p_c.jpg,2026-08-03 11:19,For Rent
440576663,4936 Live Oak St #1B-1Ba-790Sqft,75206,Dallas,TX,32.803265,-96.77105,975.0,1.0,-50.0,,1562.0,1,1.0,820.0,,,apartment,682,,,https://www.zillow.com,https://photos.zillowstatic.com/fp/eedd511f67e16239747a3db7a1c40589-p_c.jpg,2026-08-03 11:19,For Rent
381427513,4136 Sweet Fennel Dr,75241,Dallas,TX,32.669502,-96.75377,2625.0,1.0,-30.0,374700.0,4721.0,5,3.0,2505.0,,,singleFamily,163,370860.0,2025,https://www.zillow.com,https://photos.zillowstatic.com/fp/ad35f37a327a2c49706df4503974c58a-p_c.jpg,2026-08-03 11:19,For Rent
26900771,5616 Preston Oaks Rd APT 705,75254,Dallas,TX,32.94263,-96.8128,1950.0,2.0,,233700.0,1966.0,2,3.0,1098.0,,,apartment,0,249000.0,2025,https://www.zillow.com,https://photos.zillowstatic.com/fp/d534972bdabc3f6ca177929d6f7d7d70-p_c.jpg,2026-08-03 11:19,For Rent
26695406,5339 Vanderbilt Ave,75206,Dallas,TX,32.82477,-96.77827,3850.0,2.0,,710200.0,4417.0,3,1.0,1660.0,1924.0,,singleFamily,0,664950.0,2025,https://www.zillow.com,https://photos.zillowstatic.com/fp/7d47344e03ad9a97b5059dbe11dc65ee-p_c.jpg,2026-08-03 11:19,For Rent
26923441,4623 Gaston Ave APT 7,75246,Dallas,TX,32.79821,-96.77217,1250.0,2.0,,73300.0,1290.0,1,1.0,700.0,,,apartment,1,103140.0,2025,https://www.zillow.com,https://photos.zillowstatic.com/fp/02f8efa36805ef4103f00d755c1e9adc-p_c.jpg,2026-08-03 11:19,For Rent
333139117,1721 Lear St,75215,Dallas,TX,32.76938,-96.785645,4499.0,2.0,,513800.0,3216.0,3,4.0,2083.0,,,townhome,1,535960.0,2025,https://www.zillow.com,https://photos.zillowstatic.com/fp/eefd7889b22a21451a5d2442d0f7882f-p_c.jpg,2026-08-03 11:19,For Rent
96508421,4531 Philip Ave,75223,Dallas,TX,32.785633,-96.7588,2950.0,2.0,,795700.0,2872.0,3,3.0,1956.0,,,singleFamily,1,862270.0,2025,https://www.zillow.com,https://photos.zillowstatic.com/fp/d6c4772b12a23a037790d0c484e966fb-p_c.jpg,2026-08-03 11:19,For Rent
122301867,4107 Bowser Ave APT 204,75219,Dallas,TX,32.815582,-96.808556,2900.0,2.0,,344500.0,2578.0,2,2.0,1332.0,,,apartment,2,368000.0,2025,https://www.zillow.com,https://photos.zillowstatic.com/fp/b58a94cf8db35315ec73ee651b98e162-p_c.jpg,2026-08-03 11:19,For Rent
458651303,1611 Glen Ave #A,75216,Dallas,TX,32.73017,-96.80119,1599.0,1.0,,,1368.0,2,1.0,1200.0,,,apartment,2,,,https://www.zillow.com,https://photos.zillowstatic.com/fp/c48bee37de0fa0e6f78eaef704cbd9c2-p_c.jpg,2026-08-03 11:19,For Rent
26774803,3330 Utah Ave,75216,Dallas,TX,32.70341,-96.809135,1595.0,2.0,,137100.0,1412.0,2,1.0,792.0,,,singleFamily,2,159470.0,2025,https://www.zillow.com,https://photos.zillowstatic.com/fp/74d4f69ad2bd49278234f84bf9eb1f86-p_c.jpg,2026-08-03 11:19,For Rent
26839682,10430 High Hollows Dr APT 238,75230,Dallas,TX,32.887882,-96.77287,1799.0,1.0,,201100.0,2015.0,2,3.0,1346.0,,,apartment,4,269200.0,2025,https://www.zillow.com,https://photos.zillowstatic.com/fp/161404ee63da15a801f588445e782d57-p_c.jpg,2026-08-03 11:19,For Rent
427889631,2213 Sheridan St,75235,Dallas,TX,32.83266,-96.85682,3595.0,2.0,,452200.0,3482.0,3,3.0,2038.0,,,singleFamily,2,592030.0,2025,https://www.zillow.com,https://photos.zillowstatic.com/fp/ec402a1e2bc8b47933a73b671694ecf2-p_c.jpg,2026-08-03 11:19,For Rent
26684353,2224 Poplar St,75215,Dallas,TX,32.754486,-96.76406,1590.0,2.0,,153800.0,1655.0,2,1.0,1041.0,,,singleFamily,2,140000.0,2025,https://www.zillow.com,https://photos.zillowstatic.com/fp/1c3d121f9be28634e8182cc7509de770-p_c.jpg,2026-08-03 11:19,For Rent
26882981,12927 Fall Manor Dr,75243,Dallas,TX,32.92585,-96.71521,3350.0,1.0,,477000.0,3465.0,3,3.0,2547.0,,,singleFamily,2,464390.0,2025,https://www.zillow.com,https://photos.zillowstatic.com/fp/f6d3d520c393dd85a0247ad5ec52cbbc-p_c.jpg,2026-08-03 11:19,For Rent
26701424,6831 La Vista Dr,75214,Dallas,TX,32.811848,-96.74258,4500.0,3.0,,725400.0,3543.0,3,2.0,1541.0,,,singleFamily,2,710000.0,2025,https://www.zillow.com,https://photos.zillowstatic.com/fp/7938395f197e4ed8189503afbf091cc3-p_c.jpg,2026-08-03 11:19,For Rent
26712584,422 S Montreal Ave,75208,Dallas,TX,32.741478,-96.853806,3700.0,3.0,,219700.0,2412.0,3,2.0,1432.0,,,singleFamily,2,347210.0,2025,https://www.zillow.com,https://photos.zillowstatic.com/fp/dba2e880f710b4f967b4a6b8248aec3d-p_c.jpg,2026-08-03 11:19,For Rent
26829413,5616 McShann Rd,75230,Dallas,TX,32.921337,-96.81054,5500.0,2.0,,824000.0,5372.0,5,3.0,3100.0,,,singleFamily,5,729800.0,2025,https://www.zillow.com,https://photos.zillowstatic.com/fp/102ca2a862ad826af6846fa823bb4658-p_c.jpg,2026-08-03 11:19,For Rent
26888328,12922 Chandler Dr,75243,Dallas,TX,32.930073,-96.71554,2250.0,1.0,,296800.0,1854.0,2,2.0,1525.0,1981.0,,singleFamily,4,301480.0,2025,https://www.zillow.com,https://photos.zillowstatic.com/fp/523de094fb5982874096e9c6d25d3a86-p_c.jpg,2026-08-03 11:19,For Rent
464059485,1521 N Haskell Ave #1523,75204,Dallas,TX,32.7985,-96.782585,6200.0,2.0,,,4765.0,3,3.0,2769.0,,,apartment,11,,,https://www.zillow.com,https://photos.zillowstatic.com/fp/b4522dc5da38b48a05641ce8f21faf51-p_c.jpg,2026-08-03 11:19,For Rent
96529331,8949 Boundbrook Ave,75243,Dallas,TX,32.898766,-96.757416,2950.0,2.0,,469900.0,2778.0,3,2.0,1500.0,,,singleFamily,6,530300.0,2025,https://www.zillow.com,https://photos.zillowstatic.com/fp/7d30e4a1145902174578dc4d5cb87cb4-p_c.jpg,2026-08-03 11:19,For Rent
26753830,8620 Baltimore Dr APT 101,75225,Dallas,TX,32.867046,-96.79632,2050.0,2.0,,203300.0,2727.0,2,2.0,1255.0,,,apartment,24,304710.0,2025,https://www.zillow.com,https://photos.zillowstatic.com/fp/098d8f15d81d390f58b2a60a7830ad57-p_c.jpg,2026-08-03 11:19,For Rent
26828850,5938 Willow Ln,75230,Dallas,TX,32.912983,-96.805725,4500.0,2.0,,984300.0,3784.0,3,3.0,2116.0,,,singleFamily,5,1076840.0,2025,https://www.zillow.com,https://photos.zillowstatic.com/fp/f78d1c9fc81616eeb84d484760b06ff2-p_c.jpg,2026-08-03 11:19,For Rent
2080812123,4705 Reiger Ave APT D,75246,Dallas,TX,32.794983,-96.76709,1149.0,1.0,,,1005.0,1,1.0,1151.0,,,apartment,3,,,https://www.zillow.com,https://photos.zillowstatic.com/fp/bd9a635b25d15a83e0193486d3aeab50-p_c.jpg,2026-08-03 11:19,For Rent
162296909,3908 Royal Ln,75229,Dallas,TX,32.894714,-96.84649,6800.0,3.0,-700.0,646700.0,6505.0,4,3.0,2215.0,,,singleFamily,13,644000.0,2025,https://www.zillow.com,https://photos.zillowstatic.com/fp/cb2126170e8f1405e4cbf817709c38cc-p_c.jpg,2026-08-03 11:19,For Rent
26874896,7841 El Pensador Dr,75248,Dallas,TX,32.965492,-96.77123,7000.0,3.0,-1000.0,613000.0,6705.0,6,3.0,2294.0,,,singleFamily,25,502000.0,2025,https://www.zillow.com,https://photos.zillowstatic.com/fp/5bec17671563339b8b2e19e025967788-p_c.jpg,2026-08-03 11:19,For Rent
338036680,5621 Winton St,75206,Dallas,TX,32.83586,-96.77124,8000.0,3.0,,1006100.0,6508.0,3,5.0,3000.0,,,singleFamily,3,975000.0,2025,https://www.zillow.com,https://photos.zillowstatic.com/fp/69c31d850b2c9927da407a07fadd2912-p_c.jpg,2026-08-03 11:19,For Rent
26699447,2321 Lawrence St,75215,Dallas,TX,32.75067,-96.75846,5500.0,2.0,975.0,332300.0,4141.0,5,3.0,2590.0,,,singleFamily,18,224410.0,2025,https://www.zillow.com,https://photos.zillowstatic.com/fp/f5d55723f9cc066d51fc6a12673273f9-p_c.jpg,2026-08-03 11:19,For Rent
2098424169,4723 Victor St APT D,75246,Dallas,TX,32.795876,-96.76789,1325.0,2.0,,,1246.0,1,1.0,875.0,,,apartment,19,,,https://www.zillow.com,https://photos.zillowstatic.com/fp/5ad6facdf044808530ce37f5fd129148-p_c.jpg,2026-08-03 11:19,For Rent
2061736938,1015 Cameron Ave #1,75223,Dallas,TX,32.800213,-96.7428,1450.0,2.0,-145.0,,1418.0,2,1.0,900.0,,,apartment,34,,,https://www.zillow.com,https://photos.zillowstatic.com/fp/45e30482ff3c4bf49a8c4494a364eba2-p_c.jpg,2026-08-03 11:19,For Rent
96505792,2451 Macon St,75215,Dallas,TX,32.75049,-96.75394,4000.0,1.0,,447300.0,3776.0,3,3.0,3200.0,,,townhome,16,460100.0,2025,https://www.zillow.com,https://photos.zillowstatic.com/fp/e4e349f3bcee53714d9ce8633894b0ee-p_c.jpg,2026-08-03 11:19,For Rent
26914598,7932 Hill Country Ln,75249,Dallas,TX,32.656437,-96.96264,2500.0,1.0,-200.0,296400.0,2464.0,3,2.0,1837.0,,,singleFamily,18,295300.0,2025,https://www.zillow.com,https://photos.zillowstatic.com/fp/2d3361c14a5e86716984c9792b31f9fe-p_c.jpg,2026-08-03 11:19,For Rent
26815638,427 Southport Dr,75232,Dallas,TX,32.65721,-96.82741,2800.0,1.0,-120.0,233700.0,2524.0,4,2.0,2000.0,,,singleFamily,7,182720.0,2025,https://www.zillow.com,https://photos.zillowstatic.com/fp/cba6a58b25f201c406254e148ab77f15-p_c.jpg,2026-08-03 11:19,For Rent
443178616,801 N Marsalis Ave #201,75203,Dallas,TX,32.757442,-96.81601,1200.0,2.0,,,1183.0,1,1.0,739.0,,,apartment,41,,,https://www.zillow.com,https://photos.zillowstatic.com/fp/f6e843ad02b62601ffe34957e69482de-p_c.jpg,2026-08-03 11:19,For Rent
464129657,3850 Mount Ranier St #3850,75211,Dallas,TX,32.747242,-96.88218,1675.0,2.0,,174300.0,1686.0,2,2.0,910.0,1947.0,,townhome,9,,,https://www.zillow.com,https://photos.zillowstatic.com/fp/3222ebc0ba5abafbfa7504f7a26dcacf-p_c.jpg,2026-08-03 11:19,For Rent
26683642,3900 Bowser Ave,75219,Dallas,TX,32.813953,-96.80561,10000.0,4.0,,1420600.0,5160.0,3,3.0,2802.0,,,singleFamily,6,1246750.0,2025,https://www.zillow.com,https://photos.zillowstatic.com/fp/5e2b7199f66c1ae48e3de0cec2402a8e-p_c.jpg,2026-08-03 11:19,For Rent
26782738,1906 Village Way,75216,Dallas,TX,32.708275,-96.79745,1200.0,2.0,,,1153.0,1,1.0,800.0,,,apartment,54,119180.0,2025,https://www.zillow.com,https://photos.zillowstatic.com/fp/2aa846e72db08cbf02112c848650738f-p_c.jpg,2026-08-03 11:19,For Rent
26926278,1603 N Garrett Ave APT 106,75206,Dallas,TX,32.807262,-96.773346,1195.0,2.0,,108700.0,1251.0,1,1.0,569.0,,,apartment,65,130870.0,2025,https://www.zillow.com,https://photos.zillowstatic.com/fp/b2b9cbf08fbe613afddbc7f568499220-p_c.jpg,2026-08-03 11:19,For Rent
26690400,5543 Miller Ave,75206,Dallas,TX,32.82161,-96.7728,12000.0,4.0,,1417900.0,7985.0,4,4.0,2802.0,,,singleFamily,4,1146050.0,2025,https://www.zillow.com,https://photos.zillowstatic.com/fp/fed6128883ed0905e7e75c3785d7a325-p_c.jpg,2026-08-03 11:19,For Rent
26901314,5310 Keller Springs Rd APT 622,75248,Dallas,TX,32.967567,-96.814964,1750.0,2.0,,190700.0,1663.0,2,2.0,1153.0,,,apartment,37,201780.0,2025,https://www.zillow.com,https://photos.zillowstatic.com/fp/d01383c24765b25ccce7c07cd3809a89-p_c.jpg,2026-08-03 11:19,For Rent
2058215800,4226 Prescott Ave #3,75219,Dallas,TX,32.8214,-96.80322,1840.0,3.0,,,1204.0,1,1.0,645.0,,,apartment,14,,,https://www.zillow.com,https://photos.zillowstatic.com/fp/f90ada9b067403ebd1783ffd72050692-p_c.jpg,2026-08-03 11:19,For Rent
26888227,12921 Abrams Rd APT 401,75243,Dallas,TX,32.922615,-96.73568,1690.0,1.0,,190800.0,1736.0,2,3.0,1144.0,,,apartment,24,222410.0,2025,https://www.zillow.com,https://photos.zillowstatic.com/fp/29ad9191724675eb3267542595f7e0ef-p_c.jpg,2026-08-03 11:19,For Rent
26838995,7115 Meadow Rd,75230,Dallas,TX,32.88748,-96.78217,19000.0,4.0,,1221700.0,7678.0,5,5.0,4535.0,,,singleFamily,12,1014350.0,2025,https://www.zillow.com,https://photos.zillowstatic.com/fp/50cee13d3fb1d006f51004158cafcb26-p_c.jpg,2026-08-03 11:19,For Rent
65793929,9346 Highedge Cir,75238,Dallas,TX,32.87393,-96.72934,3450.0,2.0,25.0,484400.0,3259.0,3,3.0,1900.0,,,singleFamily,36,360260.0,2025,https://www.zillow.com,https://photos.zillowstatic.com/fp/f35cb4861044b182c9ba2e04734c542b-p_c.jpg,2026-08-03 11:19,For Rent
26869925,9262 Whitehurst Dr,75243,Dallas,TX,32.90019,-96.74196,3890.0,2.0,,624900.0,3781.0,4,3.0,2412.0,,,singleFamily,21,568400.0,2025,https://www.zillow.com,https://photos.zillowstatic.com/fp/ad3d73041d13d570cf2a087aa12edc30-p_c.jpg,2026-08-03 11:19,For Rent
26735872,8732 Glencrest Ln,75209,Dallas,TX,32.858017,-96.845604,3950.0,3.0,,566900.0,2977.0,3,2.0,1218.0,,,singleFamily,6,559760.0,2025,https://www.zillow.com,https://photos.zillowstatic.com/fp/c368e859d3201bb83b89dd3e86ee964e-p_c.jpg,2026-08-03 11:19,For Rent
2126980911,2606 Shelby Ave,75219,Dallas,TX,32.805927,-96.81356,3200.0,2.0,-50.0,575400.0,3552.0,2,3.0,2049.0,,,townhome,74,,,https://www.zillow.com,https://photos.zillowstatic.com/fp/1e6216acc2f8527a9c6599347791c1b8-p_c.jpg,2026-08-03 11:19,For Rent
2057544182,155 Oak Lawn Ave Suite 9,75207,Dallas,TX,32.79134,-96.82439,2680.0,2.0,-100.0,,2339.0,1,2.0,1575.0,,,apartment,32,,,https://www.zillow.com,https://photos.zillowstatic.com/fp/c11b95d3fc6e61684c421e5edf02338d-p_c.jpg,2026-08-03 11:19,For Rent
84006592,2200 Victory Ave APT 1001,75219,Dallas,TX,32.784943,-96.80967,4250.0,3.0,-700.0,598200.0,3908.0,2,2.0,1550.0,,,apartment,106,614880.0,2025,https://www.zillow.com,https://photos.zillowstatic.com/fp/705d63901c2e69a5db6d31c90e18a36c-p_c.jpg,2026-08-03 11:19,For Rent
26735660,2404 Colony Ct,75235,Dallas,TX,32.835716,-96.85545,1550.0,2.0,,253400.0,1606.0,2,1.0,800.0,,,apartment,24,153920.0,2025,https://www.zillow.com,https://photos.zillowstatic.com/fp/3f1ae4c8e74db16cfb6375abc2816821-p_c.jpg,2026-08-03 11:19,For Rent
67957370,5622 Hunters Bend Ln,75249,Dallas,TX,32.656055,-96.97395,2429.0,1.0,,299900.0,2360.0,3,2.0,1836.0,,,singleFamily,6,321760.0,2025,https://www.zillow.com,https://photos.zillowstatic.com/fp/79a41c14916d091f3fbab87da93840b4-p_c.jpg,2026-08-03 11:19,For Rent
26689834,5912 Goliad Ave,75206,Dallas,TX,32.8183,-96.76517,12750.0,5.0,,1127900.0,7469.0,5,5.0,2750.0,,,singleFamily,20,922780.0,2025,https://www.zillow.com,https://photos.zillowstatic.com/fp/a8020022b36f28228b19c425e1138ff8-p_c.jpg,2026-08-03 11:19,For Rent
122301979,1523 Fiji St,75203,Dallas,TX,32.745052,-96.801445,2400.0,2.0,-50.0,283500.0,2405.0,3,3.0,1468.0,,,townhome,17,344660.0,2025,https://www.zillow.com,https://photos.zillowstatic.com/fp/fd729ff532d279d1bdf00736ef8c267a-p_c.jpg,2026-08-03 11:19,For Rent
26880294,4263 Boca Bay Dr,75244,Dallas,TX,32.916637,-96.83858,6200.0,2.0,-100.0,1091800.0,4449.0,5,5.0,3990.0,,,singleFamily,30,825420.0,2025,https://www.zillow.com,https://photos.zillowstatic.com/fp/a0adaf2faa2e4004c7dbb4769da3e952-p_c.jpg,2026-08-03 11:19,For Rent
2093049336,3916 Rawlins St,75219,Dallas,TX,32.8127,-96.8081,1100.0,3.0,,,1119.0,1,1.0,425.0,,,apartment,19,,,https://www.zillow.com,https://photos.zillowstatic.com/fp/e7747602b7949b34dd2d4eb1a726420f-p_c.jpg,2026-08-03 11:19,For Rent
26898916,4800 Northway Dr APT 3C,75206,Dallas,TX,32.84668,-96.768684,1515.0,2.0,,184000.0,1621.0,1,2.0,850.0,,,apartment,21,223800.0,2025,https://www.zillow.com,https://photos.zillowstatic.com/fp/1c4811362d9580672152b1c5df4ceab3-p_c.jpg,2026-08-03 11:19,For Rent
26700924,7323 Coronado Ave,75214,Dallas,TX,32.809578,-96.73233,5300.0,2.0,-300.0,1120800.0,5439.0,4,3.0,2743.0,,,singleFamily,15,1215480.0,2025,https://www.zillow.com,https://photos.zillowstatic.com/fp/2d31c64b7948217499904a824e10748e-p_c.jpg,2026-08-03 11:19,For Rent
84004686,8616 Turtle Creek Blvd APT 311,75225,Dallas,TX,32.867462,-96.78918,3450.0,2.0,-50.0,446000.0,3800.0,2,3.0,1406.0,2006.0,1.407,apartment,40,418000.0,2025,https://www.zillow.com,https://photos.zillowstatic.com/fp/bcd9c427aeb57cc8c5aaca1b4ad43bd0-p_c.jpg,2026-08-03 11:19,For Rent
162217128,423 Avenue G,75203,Dallas,TX,32.743877,-96.79286,2000.0,2.0,,174500.0,1993.0,3,2.0,1120.0,,,singleFamily,3,160430.0,2025,https://www.zillow.com,https://photos.zillowstatic.com/fp/fe44695e0bef7b41011f9395bcd2afce-p_c.jpg,2026-08-03 11:19,For Rent
26839912,7707 Meadow Park Dr APT 112,75230,Dallas,TX,32.885574,-96.77489,1575.0,2.0,-25.0,134100.0,1372.0,1,1.0,755.0,,,apartment,48,162330.0,2025,https://www.zillow.com,https://photos.zillowstatic.com/fp/ca3251ff4196fbcf5212394fbc608c6b-p_c.jpg,2026-08-03 11:19,For Rent
26925923,1818 N Fitzhugh Ave APT 8,75204,Dallas,TX,32.80792,-96.777794,1600.0,2.0,,145100.0,1375.0,1,1.0,750.0,,,apartment,6,189210.0,2025,https://www.zillow.com,https://photos.zillowstatic.com/fp/5d27c726c265caf96bd748debe417df8-p_c.jpg,2026-08-03 11:19,For Rent
26775854,1209 Grinnell St,75216,Dallas,TX,32.696968,-96.80797,2200.0,1.0,50.0,252300.0,2172.0,4,2.0,1892.0,,,singleFamily,68,227860.0,2025,https://www.zillow.com,https://photos.zillowstatic.com/fp/3b4f9874d03624a3d974acb5f2a81970-p_c.jpg,2026-08-03 11:19,For Rent
26907636,9548 Jennie Lee Ln,75227,Dallas,TX,32.7561,-96.657906,2000.0,1.0,,225900.0,1853.0,3,2.0,1600.0,,,singleFamily,4,188920.0,2025,https://www.zillow.com,https://photos.zillowstatic.com/fp/a806c80ab8ad41bb6955c339c2086666-p_c.jpg,2026-08-03 11:19,For Rent
303985129,8023 Copper Way,75252,Dallas,TX,32.98353,-96.76429,4250.0,2.0,,640200.0,4295.0,3,4.0,2303.0,,,singleFamily,25,668690.0,2025,https://www.zillow.com,https://photos.zillowstatic.com/fp/ea8e1ce9ad6549814ec0c9888454a87d-p_c.jpg,2026-08-03 11:19,For Rent
26736332,3815 Hawick Ln,75220,Dallas,TX,32.86372,-96.85241,10500.0,2.0,,1362700.0,7524.0,5,5.0,4600.0,,,singleFamily,11,597790.0,2025,https://www.zillow.com,https://photos.zillowstatic.com/fp/5eacd8df434f81141da589f889991c33-p_c.jpg,2026-08-03 11:19,For Rent
26696627,2228 Wycliff Ave,75219,Dallas,TX,32.80626,-96.823654,4590.0,2.0,100.0,1191300.0,4669.0,4,4.0,2524.0,,,townhome,31,1319510.0,2025,https://www.zillow.com,https://photos.zillowstatic.com/fp/15aa0f18341c1de9c22451c453ba6bc9-p_c.jpg,2026-08-03 11:19,For Rent
333138685,1518 Villars St,75204,Dallas,TX,32.795666,-96.78618,5000.0,2.0,,552800.0,4956.0,3,4.0,2470.0,,,singleFamily,12,629870.0,2025,https://www.zillow.com,https://photos.zillowstatic.com/fp/17936e66143bc3575128c6ad8c56e10c-p_c.jpg,2026-08-03 11:19,For Rent
2062335432,2026 N Prairie Ave #104,75204,Dallas,TX,32.808277,-96.77989,3300.0,2.0,,350200.0,2483.0,2,3.0,1426.0,,,townhome,5,,,https://www.zillow.com,https://photos.zillowstatic.com/fp/4cc3b515afe2e6c59ef094df3a1b863b-p_c.jpg,2026-08-03 11:19,For Rent
162810719,1638 Kings Hwy,75208,Dallas,TX,32.75457,-96.84705,4500.0,2.0,,657100.0,3473.0,4,3.0,2049.0,,,singleFamily,19,646730.0,2025,https://www.zillow.com,https://photos.zillowstatic.com/fp/42834ef25671e6a4997ba54f50a4e800-p_c.jpg,2026-08-03 11:19,For Rent
26746609,10339 Lake Gardens Dr,75218,Dallas,TX,32.844894,-96.69576,3475.0,2.0,-125.0,572400.0,2664.0,3,2.0,1618.0,,,singleFamily,18,575000.0,2025,https://www.zillow.com,https://photos.zillowstatic.com/fp/daa61162ecb6c6c9ac4647fdc65ed478-p_c.jpg,2026-08-03 11:19,For Rent
26687338,2216 Marburg St,75215,Dallas,TX,32.751167,-96.7617,1725.0,2.0,-25.0,122100.0,1721.0,3,1.0,1088.0,,,singleFamily,108,179590.0,2025,https://www.zillow.com,https://photos.zillowstatic.com/fp/1aaa202d4276f4015d1ae5f2012964bf-p_c.jpg,2026-08-03 11:19,For Rent
26833242,3226 Navaro St,75212,Dallas,TX,32.78118,-96.84614,2500.0,2.0,,298800.0,2557.0,3,2.0,1547.0,,,singleFamily,20,376000.0,2025,https://www.zillow.com,https://photos.zillowstatic.com/fp/e6e17aa44cdfc354c134ca15eb343987-p_c.jpg,2026-08-03 11:19,For Rent
26847410,2630 Pasteur Ave,75228,Dallas,TX,32.81588,-96.6901,2200.0,2.0,,268500.0,2151.0,3,2.0,1418.0,,,singleFamily,22,240000.0,2025,https://www.zillow.com,https://photos.zillowstatic.com/fp/5402f4d393f60137121235b8526179fe-p_c.jpg,2026-08-03 11:19,For Rent
26843220,10809 Ruth Ann Dr,75228,Dallas,TX,32.83727,-96.659966,2250.0,2.0,,238800.0,2016.0,3,3.0,1188.0,,,singleFamily,9,239110.0,2025,https://www.zillow.com,https://photos.zillowstatic.com/fp/3215ace189b691ce910302345bf8d28e-p_c.jpg,2026-08-03 11:19,For Rent
60346552,5034 W University Blvd,75209,Dallas,TX,32.844933,-96.82473,3025.0,2.0,-175.0,,3263.0,3,2.0,1811.0,,,apartment,13,,,https://www.zillow.com,https://photos.zillowstatic.com/fp/4b8d3c6952e580efad6371f4793fc682-p_c.jpg,2026-08-03 11:19,For Rent
162181654,2419 Hondo Ave,75219,Dallas,TX,32.809486,-96.82243,925.0,3.0,,416600.0,1229.0,0,1.0,340.0,1942.0,,singleFamily,10,442110.0,2025,https://www.zillow.com,https://photos.zillowstatic.com/fp/e0224a055e624005eaf8df2a6cb61739-p_c.jpg,2026-08-03 11:19,For Rent
463662609,1425 N Garrett Ave #106,75206,Dallas,TX,32.80614,-96.772385,2750.0,2.0,,,1936.0,1,1.0,1304.0,,,apartment,29,,,https://www.zillow.com,https://photos.zillowstatic.com/fp/d284afe88c711b7909cfe4691d00fdfc-p_c.jpg,2026-08-03 11:19,For Rent
2089299759,5711 Morningside Ave APT 101,75206,Dallas,TX,32.829197,-96.76967,1450.0,3.0,-100.0,,1204.0,1,1.0,550.0,,,apartment,63,,,https://www.zillow.com,https://photos.zillowstatic.com/fp/81033af25058d3ce74eb990aec6549fe-p_c.jpg,2026-08-03 11:19,For Rent
26823919,1246 Woodburn Trl,75241,Dallas,TX,32.67346,-96.80424,2100.0,2.0,,259000.0,2083.0,3,2.0,1400.0,,,singleFamily,9,273300.0,2025,https://www.zillow.com,https://photos.zillowstatic.com/fp/9eae9d801ef89eacd22603cd4b62c03c-p_c.jpg,2026-08-03 11:19,For Rent
26846579,1832 Wonderlight Ln,75228,Dallas,TX,32.813858,-96.683014,3500.0,1.0,,381400.0,3481.0,6,4.0,2574.0,,,singleFamily,8,455930.0,2025,https://www.zillow.com,https://photos.zillowstatic.com/fp/0b4837cc8f002f2d0abb43d1adeab76e-p_c.jpg,2026-08-03 11:19,For Rent
26714254,907 N Tyler St,75208,Dallas,TX,32.75348,-96.837975,6500.0,3.0,,842800.0,5368.0,4,3.0,2464.0,,,singleFamily,23,807500.0,2025,https://www.zillow.com,https://photos.zillowstatic.com/fp/3940f1979f39d047b570d885ebe07180-p_c.jpg,2026-08-03 11:19,For Rent
67961881,4926 Homer St,75206,Dallas,TX,32.815037,-96.78496,6500.0,3.0,,766100.0,4798.0,3,3.0,2266.0,,,singleFamily,27,763720.0,2025,https://www.zillow.com,https://photos.zillowstatic.com/fp/d712e262c2d81acd5f78a12ba43bb710-p_c.jpg,2026-08-03 11:19,For Rent
26714255,901 Everts St,75208,Dallas,TX,32.753338,-96.837975,4950.0,5.0,,355900.0,2811.0,2,1.0,1050.0,,,singleFamily,23,470740.0,2025,https://www.zillow.com,https://photos.zillowstatic.com/fp/9d64c6c09b6d4707c5931b35191a967e-p_c.jpg,2026-08-03 11:19,For Rent
96494371,531 W Laureland Rd,75232,Dallas,TX,32.675148,-96.83036,3900.0,1.0,,509500.0,3631.0,4,4.0,2890.0,,,singleFamily,18,505260.0,2025,https://www.zillow.com,https://photos.zillowstatic.com/fp/383edf83205737ca3477c81896fa2d55-p_c.jpg,2026-08-03 11:19,For Rent
26653320,18007 Rock Branch Dr,75287,Dallas,TX,32.994762,-96.83004,5000.0,1.0,300.0,923200.0,4881.0,4,3.0,3920.0,,,singleFamily,10,931278.0,2025,https://www.zillow.com,https://photos.zillowstatic.com/fp/cf7b9a41ce8a434e978ce48c231a38e0-p_c.jpg,2026-08-03 11:19,For Rent
2059891557,1920 Caddo St #104,75204,Dallas,TX,32.80089,-96.78745,3450.0,2.0,,572000.0,4467.0,2,3.0,1977.0,,,apartment,34,612330.0,2025,https://www.zillow.com,https://photos.zillowstatic.com/fp/2b1390cf769323383d594520511159d7-p_c.jpg,2026-08-03 11:19,For Rent
26692552,2308 N Prairie Ave,75204,Dallas,TX,32.809875,-96.78173,5000.0,2.0,-200.0,808400.0,5010.0,3,3.0,2373.0,,,singleFamily,25,743500.0,2025,https://www.zillow.com,https://photos.zillowstatic.com/fp/55c7b0727e851d08117796607b1f0896-p_c.jpg,2026-08-03 11:19,For Rent
26792944,2104 Hillburn Dr,75227,Dallas,TX,32.749096,-96.69136,1850.0,1.0,,207600.0,1825.0,3,2.0,1324.0,,,singleFamily,8,233000.0,2025,https://www.zillow.com,https://photos.zillowstatic.com/fp/5b26a2fe1a62ac37eb8411173dd4a5ab-p_c.jpg,2026-08-03 11:19,For Rent
67962199,2932 Vacherie Ln,75227,Dallas,TX,32.78572,-96.71682,2995.0,2.0,-155.0,366200.0,2617.0,3,2.0,1701.0,,,singleFamily,9,360850.0,2025,https://www.zillow.com,https://photos.zillowstatic.com/fp/7f9fd26529725236aaf93cece15bbbeb-p_c.jpg,2026-08-03 11:19,For Rent
26910776,2803 Scottsbluff Dr,75228,Dallas,TX,32.8174,-96.66698,1650.0,1.0,-100.0,265300.0,1788.0,3,1.0,1461.0,,,singleFamily,128,279770.0,2025,https://www.zillow.com,https://photos.zillowstatic.com/fp/5cfb04718108e230dcae0d40085f7799-p_c.jpg,2026-08-03 11:19,For Rent
26680919,4938 Garland Ave,75223,Dallas,TX,32.791847,-96.757545,2800.0,2.0,-100.0,374500.0,2778.0,3,3.0,1596.0,,,singleFamily,52,375000.0,2025,https://www.zillow.com,https://photos.zillowstatic.com/fp/4e9478ea4bee44055bea0b21030a2b3e-p_c.jpg,2026-08-03 11:19,For Rent
26829317,12417 Quincy Ln,75230,Dallas,TX,32.9173,-96.816505,6500.0,3.0,,953000.0,6393.0,4,3.0,2477.0,,,singleFamily,13,1083950.0,2025,https://www.zillow.com,https://photos.zillowstatic.com/fp/c63784bdad6ec071ad798d7943c111fc-p_c.jpg,2026-08-03 11:19,For Rent
162171021,2545 Metropolitan Ave,75215,Dallas,TX,32.761986,-96.764336,1750.0,2.0,,145500.0,1657.0,3,1.0,936.0,,,singleFamily,44,69000.0,2025,https://www.zillow.com,https://photos.zillowstatic.com/fp/16dc2b27dbb4fa9b8d0e5ff290ed3401-p_c.jpg,2026-08-03 11:19,For Rent
69674969,708 Colten James Ln,75204,Dallas,TX,32.79124,-96.78781,2985.0,2.0,-90.0,436300.0,3086.0,3,3.0,1766.0,,,townhome,47,471870.0,2025,https://www.zillow.com,https://photos.zillowstatic.com/fp/f31a8ecbd3730846879e9ad1b812c744-p_c.jpg,2026-08-03 11:19,For Rent
249830020,17753 Agave Ln,75252,Dallas,TX,32.992958,-96.76128,3200.0,2.0,-100.0,480100.0,3175.0,3,3.0,1941.0,,,townhome,20,532859.0,2025,https://www.zillow.com,https://photos.zillowstatic.com/fp/3a5673116a2c1767295ff157dd1b4338-p_c.jpg,2026-08-03 11:19,For Rent
26747938,6050 Birchbrook Dr APT 242,75206,Dallas,TX,32.847805,-96.76299,1750.0,2.0,-100.0,212600.0,1903.0,2,2.0,1136.0,1970.0,,apartment,35,281730.0,2025,https://www.zillow.com,https://photos.zillowstatic.com/fp/456c4123bc2ab4ab503f210992bc4fac-p_c.jpg,2026-08-03 11:19,For Rent
67961825,4213 Dickason Ave APT 13,75219,Dallas,TX,32.810863,-96.813705,3400.0,2.0,,504300.0,3338.0,2,2.0,1974.0,,,townhome,12,540540.0,2025,https://www.zillow.com,https://photos.zillowstatic.com/fp/d96458f759e0d6346a047fd73437dcfa-p_c.jpg,2026-08-03 11:19,For Rent
55826029,1008 Allen St,75204,Dallas,TX,32.792393,-96.79139,5000.0,2.0,,664100.0,4817.0,3,4.0,2228.0,,,townhome,12,637100.0,2025,https://www.zillow.com,https://photos.zillowstatic.com/fp/206659ee1953058cc3aecf87dcd360af-p_c.jpg,2026-08-03 11:19,For Rent
244055242,4921 Jack Ct,75206,Dallas,TX,32.807377,-96.77645,4000.0,2.0,-200.0,585100.0,4107.0,2,3.0,2048.0,,,townhome,14,634720.0,2025,https://www.zillow.com,https://photos.zillowstatic.com/fp/09a4d7a463f009244ed54d09e764b773-p_c.jpg,2026-08-03 11:19,For Rent
26830425,8115 Claremont Dr,75228,Dallas,TX,32.801716,-96.708755,2750.0,1.0,,430500.0,2660.0,3,2.0,2045.0,,,singleFamily,20,427140.0,2025,https://www.zillow.com,https://photos.zillowstatic.com/fp/8e2b7f457251b9f00d28fd7384dc2938-p_c.jpg,2026-08-03 11:19,For Rent
84002796,212 Creek Cove Dr,75217,Dallas,TX,32.714985,-96.710106,1600.0,1.0,,172000.0,1780.0,3,3.0,1347.0,,,townhome,10,218570.0,2025,https://www.zillow.com,https://photos.zillowstatic.com/fp/54fa779e11d05bf6a0f6f925218cfe52-p_c.jpg,2026-08-03 11:19,For Rent
26904138,4517 Posada Dr,75211,Dallas,TX,32.72988,-96.89543,2000.0,2.0,,247300.0,1980.0,3,2.0,1276.0,,,singleFamily,26,264510.0,2025,https://www.zillow.com,https://photos.zillowstatic.com/fp/cb502de5d8c36a53bae4e2dfed2a9828-p_c.jpg,2026-08-03 11:19,For Rent
26909352,9431 Jill Ln,75227,Dallas,TX,32.769207,-96.65987,2100.0,1.0,-100.0,169100.0,2099.0,4,2.0,1415.0,,,singleFamily,10,228130.0,2025,https://www.zillow.com,https://photos.zillowstatic.com/fp/6414f7a2851d7202ad39ee30ff70a4ed-p_c.jpg,2026-08-03 11:19,For Rent
26680088,3701 Turtle Creek Blvd APT 9A,75219,Dallas,TX,32.813007,-96.80179,4200.0,5.0,,275200.0,1763.0,1,1.0,793.0,,,apartment,39,283000.0,2025,https://www.zillow.com,https://photos.zillowstatic.com/fp/11250996016a3be0a0eb44e733ced9cd-p_c.jpg,2026-08-03 11:19,For Rent
26693181,4525 Gilbert Ave APT 207,75219,Dallas,TX,32.821728,-96.81199,1695.0,2.0,-100.0,242800.0,2122.0,2,3.0,1000.0,,,apartment,10,311950.0,2025,https://www.zillow.com,https://photos.zillowstatic.com/fp/af1def1bfe6fceaca9e8ed35ae7f1bc8-p_c.jpg,2026-08-03 11:19,For Rent
26714263,810 Turner Ave,75208,Dallas,TX,32.75279,-96.83859,3995.0,1.0,,725100.0,5055.0,3,3.0,2742.0,,,singleFamily,9,862290.0,2025,https://www.zillow.com,https://photos.zillowstatic.com/fp/33c0b87858058ef712996794ac5e8d26-p_c.jpg,2026-08-03 11:19,For Rent
336872759,1552 Cosette Dr,75215,Dallas,TX,32.771816,-96.7907,3400.0,2.0,,557600.0,3534.0,2,3.0,2097.0,,,singleFamily,31,563900.0,2025,https://www.zillow.com,https://photos.zillowstatic.com/fp/5e43ee86d0e814c80745ca00e6fedbb2-p_c.jpg,2026-08-03 11:19,For Rent
26807397,10443 Cromwell Dr,75229,Dallas,TX,32.889202,-96.86272,3950.0,2.0,-150.0,572800.0,3465.0,3,2.0,2179.0,,,singleFamily,20,496300.0,2025,https://www.zillow.com,https://photos.zillowstatic.com/fp/a7653bc011dd63c43ef2bbad2ebd02ab-p_c.jpg,2026-08-03 11:19,For Rent
26696581,2238 Arroyo Ave,75219,Dallas,TX,32.807873,-96.825134,2600.0,2.0,,428700.0,2746.0,3,2.0,1388.0,,,singleFamily,14,521940.0,2025,https://www.zillow.com,https://photos.zillowstatic.com/fp/315c37c7e81c92eb51447d8db4dbe2bb-p_c.jpg,2026-08-03 11:19,For Rent
452447975,1134 Woodlawn Ave APT A,75208,Dallas,TX,32.75738,-96.82949,1825.0,3.0,-25.0,,1669.0,1,1.0,625.0,,,apartment,23,,,https://www.zillow.com,https://photos.zillowstatic.com/fp/d2b1546ab00a5fd5429248509b1a2408-p_c.jpg,2026-08-03 11:19,For Rent
26913319,12828 Woodbend Ct,75243,Dallas,TX,32.91895,-96.73451,2300.0,1.0,,262000.0,2348.0,3,3.0,1636.0,,,townhome,24,290110.0,2025,https://www.zillow.com,https://photos.zillowstatic.com/fp/9252f9a0c7af696dc1b6f97d510b6885-p_c.jpg,2026-08-03 11:19,For Rent
384499481,10339 Joaquin Dr,75228,Dallas,TX,32.836018,-96.671234,1795.0,1.0,-80.0,321500.0,2013.0,2,1.0,1250.0,,,singleFamily,64,420000.0,2025,https://www.zillow.com,https://photos.zillowstatic.com/fp/c636ebb34c953a441249cb0996614e09-p_c.jpg,2026-08-03 11:19,For Rent
162813527,5345 Teak Mill Pl,75209,Dallas,TX,32.827362,-96.820526,4600.0,2.0,-100.0,692900.0,4929.0,3,3.0,2287.0,,,singleFamily,60,696070.0,2025,https://www.zillow.com,https://photos.zillowstatic.com/fp/22e209ed506cc38a6c31004c2ccc030a-p_c.jpg,2026-08-03 11:19,For Rent
2124750059,13511 Red Fern Ln,75240,Dallas,TX,32.93099,-96.768295,2060.0,1.0,,284100.0,2175.0,3,2.0,1699.0,,,townhome,5,,,https://www.zillow.com,https://photos.zillowstatic.com/fp/8f25f09b6b1acd1462bbb11a1fec2ebe-p_c.jpg,2026-08-03 11:19,For Rent
26904739,4330 Saint Francis Ave,75227,Dallas,TX,32.788246,-96.69105,4850.0,2.0,,321800.0,2167.0,3,3.0,2011.0,,,singleFamily,178,335570.0,2025,https://www.zillow.com,https://photos.zillowstatic.com/fp/a28b63aeb2e19510640ef99ab7e2dc00-p_c.jpg,2026-08-03 11:19,For Rent
2068392396,2622 Birmingham Ave,75215,Dallas,TX,32.765507,-96.767365,2700.0,2.0,,321800.0,2486.0,3,3.0,1638.0,,,singleFamily,5,351230.0,2025,https://www.zillow.com,https://photos.zillowstatic.com/fp/059147896e576872082f08bd7ad49ed8-p_c.jpg,2026-08-03 11:19,For Rent
26841759,2639 Globe Ave,75228,Dallas,TX,32.815346,-96.669304,1999.0,1.0,,244900.0,2046.0,3,2.0,1345.0,,,singleFamily,20,253070.0,2025,https://www.zillow.com,https://photos.zillowstatic.com/fp/7d3c71adc6b42630086dcb6f90924fa7-p_c.jpg,2026-08-03 11:19,For Rent
26873161,7342 Alto Caro Dr,75248,Dallas,TX,32.965965,-96.78091,5995.0,3.0,,506100.0,6249.0,4,4.0,2182.0,,,singleFamily,16,546790.0,2025,https://www.zillow.com,https://photos.zillowstatic.com/fp/6fab2a7e1a1f13ed32c7dd9755590ea8-p_c.jpg,2026-08-03 11:19,For Rent
26837851,7024 Yamini Dr,75230,Dallas,TX,32.901665,-96.78585,7000.0,2.0,-1200.0,1629600.0,7079.0,3,4.0,3220.0,,,singleFamily,35,1751930.0,2025,https://www.zillow.com,https://photos.zillowstatic.com/fp/f70f5026742b784c5aed252988246d4c-p_c.jpg,2026-08-03 11:19,For Rent
26859640,13509 Red Fern Ln,75240,Dallas,TX,32.931248,-96.76838,2060.0,1.0,,373300.0,2134.0,3,2.0,1699.0,,,townhome,5,463780.0,2025,https://www.zillow.com,https://photos.zillowstatic.com/fp/c249227fe73f1febf428b8aa6a2120c8-p_c.jpg,2026-08-03 11:19,For Rent
26685241,1015 Cameron Ave,75223,Dallas,TX,32.80022,-96.7428,995.0,,-155.0,263300.0,1089.0,1,1.0,,,,singleFamily,20,285000.0,2025,https://www.zillow.com,https://photos.zillowstatic.com/fp/4651ea783f0befc522a797df3d4fd94d-p_c.jpg,2026-08-03 11:19,For Rent
2059777540,5624 Eastside Ave,75244,Dallas,TX,32.92531,-96.83641,3999.0,2.0,,,4066.0,6,4.0,2317.0,,,singleFamily,36,,,https://www.zillow.com,https://photos.zillowstatic.com/fp/b1174fc984fc3db9274dd7edc822ee25-p_c.jpg,2026-08-03 11:19,For Rent
26755353,6239 Walnut Hill Ln,75230,Dallas,TX,32.88041,-96.79834,3100.0,2.0,,754600.0,3174.0,3,2.0,1504.0,,,singleFamily,31,842170.0,2025,https://www.zillow.com,https://photos.zillowstatic.com/fp/372f0e0d1bd79947b060d1e1fa42f0d0-p_c.jpg,2026-08-03 11:19,For Rent
26709540,(undisclosed Address),75208,Dallas,TX,,,1300.0,2.0,,283200.0,1343.0,1,1.0,800.0,,,singleFamily,46,,,https://www.zillow.com,https://photos.zillowstatic.com/fp/a1397a4356b61d41e2c909bec3941cfe-p_c.jpg,2026-08-03 11:19,For Rent
26839045,7420 Royal Ln,75230,Dallas,TX,32.895405,-96.777145,21000.0,4.0,,1492300.0,7631.0,4,5.0,5297.0,,,singleFamily,3,1683350.0,2025,https://www.zillow.com,https://photos.zillowstatic.com/fp/236d55c2a28d52284792b3f10d5f56b4-p_c.jpg,2026-08-03 11:19,For Rent
26797469,240 Ezekial Ave,75217,Dallas,TX,32.715393,-96.711136,1450.0,1.0,,120400.0,1471.0,2,1.0,1000.0,,,townhome,35,160230.0,2025,https://www.zillow.com,https://photos.zillowstatic.com/fp/1e536e434ef49e1a0d3bf266080206ae-p_c.jpg,2026-08-03 11:19,For Rent
96500741,3520 S Tyler St,75224,Dallas,TX,32.701454,-96.83792,2500.0,2.0,-200.0,195100.0,2292.0,2,1.0,1380.0,,,singleFamily,22,233540.0,2025,https://www.zillow.com,https://photos.zillowstatic.com/fp/ee9ea9bc739207c73febc925dcea3cad-p_c.jpg,2026-08-03 11:19,For Rent
26693163,4520 Holland Ave APT 207,75219,Dallas,TX,32.821392,-96.81239,1550.0,2.0,-100.0,227000.0,1997.0,2,2.0,972.0,,,apartment,102,250000.0,2025,https://www.zillow.com,https://photos.zillowstatic.com/fp/f91d39e1473a4ad7cde3c7dfcb0e9d73-p_c.jpg,2026-08-03 11:19,For Rent
26790745,3519 Cedar Lake Dr,75227,Dallas,TX,32.767647,-96.68829,1350.0,1.0,-150.0,185600.0,1618.0,3,1.0,1178.0,,,singleFamily,13,205530.0,2025,https://www.zillow.com,https://photos.zillowstatic.com/fp/576a251650ec4c906d609754a0f67dda-p_c.jpg,2026-08-03 11:19,For Rent
26798327,317 Whitestar Ln,75217,Dallas,TX,32.710075,-96.68945,2599.0,2.0,-150.0,249300.0,2327.0,4,2.0,1600.0,,,singleFamily,48,119520.0,2025,https://www.zillow.com,https://photos.zillowstatic.com/fp/d837f2bbc0b70b64cc0054d094877b79-p_c.jpg,2026-08-03 11:19,For Rent
26889532,6443 Redpine Rd,75248,Dallas,TX,32.97482,-96.794395,6500.0,2.0,,882900.0,6026.0,4,3.0,2898.0,,,singleFamily,39,606540.0,2025,https://www.zillow.com,https://photos.zillowstatic.com/fp/9b5c235a3a60b8482c21591b79ab9fd2-p_c.jpg,2026-08-03 11:19,For Rent
26786565,879 Peavy Rd,75218,Dallas,TX,32.844883,-96.706055,3150.0,2.0,,513600.0,3234.0,3,2.0,1408.0,,,singleFamily,13,551580.0,2025,https://www.zillow.com,https://photos.zillowstatic.com/fp/87165604f82fc09e956a137bea5e0600-p_c.jpg,2026-08-03 11:19,For Rent
26743122,10823 Lake Gardens Dr,75218,Dallas,TX,32.847492,-96.689354,1600.0,1.0,,223800.0,1919.0,2,1.0,1194.0,,,townhome,25,236690.0,2025,https://www.zillow.com,https://photos.zillowstatic.com/fp/c34419e2833c04ee34d98b8d95ddef89-p_c.jpg,2026-08-03 11:19,For Rent
26745352,10911 Visalia Dr,75228,Dallas,TX,32.846184,-96.66809,1965.0,1.0,,225000.0,1947.0,3,1.0,1383.0,1953.0,,singleFamily,7,238930.0,2025,https://www.zillow.com,https://photos.zillowstatic.com/fp/6de5440bae3df8bac38c072c6ec783c9-p_c.jpg,2026-08-03 11:19,For Rent
26898469,2840 Lee St,75206,Dallas,TX,32.81679,-96.78699,3850.0,2.0,-150.0,631400.0,4500.0,4,3.0,1939.0,,,townhome,16,580490.0,2025,https://www.zillow.com,https://photos.zillowstatic.com/fp/d29959108e5a9ab8a086397233af050c-p_c.jpg,2026-08-03 11:19,For Rent
26889609,6423 La Manga Dr,75248,Dallas,TX,32.973404,-96.795456,3395.0,1.0,,632500.0,5141.0,4,2.0,2600.0,,,singleFamily,71,689770.0,2025,https://www.zillow.com,https://photos.zillowstatic.com/fp/33676d829ae6b4f343c8e93fb3fdfec4-p_c.jpg,2026-08-03 11:19,For Rent
26680335,410 Ann Ave,75223,Dallas,TX,32.789112,-96.765816,1800.0,2.0,,209400.0,1757.0,3,1.0,1100.0,,,singleFamily,61,211590.0,2025,https://www.zillow.com,https://photos.zillowstatic.com/fp/855a485994b9bfcf4a6810048f740135-p_c.jpg,2026-08-03 11:19,For Rent
463657077,3523 Miles St #104,75209,Dallas,TX,32.827183,-96.82199,3995.0,2.0,-1000.0,608300.0,4021.0,2,3.0,1935.0,,,townhome,30,,,https://www.zillow.com,https://photos.zillowstatic.com/fp/409640a4019d406b8ef2b40fa06b3377-p_c.jpg,2026-08-03 11:19,For Rent
26700039,2001 Redman Cir,75223,Dallas,TX,32.780663,-96.74629,2150.0,1.0,,201100.0,2211.0,5,2.0,1497.0,,,singleFamily,27,146410.0,2025,https://www.zillow.com,https://photos.zillowstatic.com/fp/80b2845ce148df8ca54b01e7f8697e11-p_c.jpg,2026-08-03 11:19,For Rent
26704463,5330 McCommas Blvd,75206,Dallas,TX,32.829693,-96.77837,6000.0,3.0,,771600.0,5158.0,3,2.0,1766.0,,,singleFamily,31,634700.0,2025,https://www.zillow.com,https://photos.zillowstatic.com/fp/be39c9ec19a47703acda6d080fe0ae2f-p_c.jpg,2026-08-03 11:19,For Rent
26903454,7016 Briarmeadow Dr,75230,Dallas,TX,32.881714,-96.78476,2600.0,1.0,,655900.0,3614.0,3,2.0,1735.0,,,singleFamily,29,831900.0,2025,https://www.zillow.com,https://photos.zillowstatic.com/fp/7cd551d314484a8f23bfd4fc319d33db-p_c.jpg,2026-08-03 11:19,For Rent
83996837,4230 Travis St APT 8,75205,Dallas,TX,32.817856,-96.79298,4095.0,2.0,-100.0,606500.0,4240.0,2,3.0,1855.0,,,townhome,30,628000.0,2025,https://www.zillow.com,https://photos.zillowstatic.com/fp/ee9d1dba7dd8431d8078c0b5cc5f0a4b-p_c.jpg,2026-08-03 11:19,For Rent
26694826,5726 Mercedes Ave,75206,Dallas,TX,32.827705,-96.769005,7500.0,2.0,,1347300.0,7034.0,4,4.0,3300.0,,,singleFamily,27,1215000.0,2025,https://www.zillow.com,https://photos.zillowstatic.com/fp/57fcc95dca4374da95d09192c104549d-p_c.jpg,2026-08-03 11:19,For Rent
26888180,9830 Bent Branch Ln,75243,Dallas,TX,32.92185,-96.73678,2950.0,1.0,,290900.0,2751.0,4,3.0,2105.0,,,townhome,56,300000.0,2025,https://www.zillow.com,https://photos.zillowstatic.com/fp/cfffa1073cc2412833a36fde5444e250-p_c.jpg,2026-08-03 11:19,For Rent
446805581,4206 Cabell Dr #104,75204,Dallas,TX,32.80352,-96.78681,2750.0,2.0,,363800.0,2710.0,1,1.0,1304.0,,,townhome,29,,,https://www.zillow.com,https://photos.zillowstatic.com/fp/b6bcbfe2b51e14ff1f896f87a2ab1e2a-p_c.jpg,2026-08-03 11:19,For Rent
26704650,4206 Somerville Ave,75206,Dallas,TX,32.83681,-96.76217,3800.0,2.0,-400.0,791100.0,4288.0,3,3.0,2050.0,,,singleFamily,23,600000.0,2025,https://www.zillow.com,https://photos.zillowstatic.com/fp/6fa49c674d6c1ae82d2857e4e2ff1aab-p_c.jpg,2026-08-03 11:19,For Rent
26863808,14372 Haymeadow Cir,75254,Dallas,TX,32.943924,-96.769615,2300.0,1.0,-50.0,213000.0,2258.0,3,2.0,1580.0,,,townhome,69,249770.0,2025,https://www.zillow.com,https://photos.zillowstatic.com/fp/b28e0115131b639a324d824cf9c388e1-p_c.jpg,2026-08-03 11:19,For Rent
26711388,1014 Galloway Ave,75216,Dallas,TX,32.736107,-96.80857,2850.0,1.0,-149.0,452800.0,2607.0,3,2.0,2000.0,,,singleFamily,27,418290.0,2025,https://www.zillow.com,https://photos.zillowstatic.com/fp/804d93104599aa67a11610800fe7b23e-p_c.jpg,2026-08-03 11:19,For Rent
26888864,6019 Yellow Rock Trl,75248,Dallas,TX,32.958282,-96.80347,4295.0,2.0,-200.0,675300.0,3746.0,4,3.0,2374.0,,,singleFamily,81,635750.0,2025,https://www.zillow.com,https://photos.zillowstatic.com/fp/255fc93c09cc8aabbe35dd58f7f1b933-p_c.jpg,2026-08-03 11:19,For Rent
303982911,1040 Tea Olive Ln,75212,Dallas,TX,32.776993,-96.83919,3600.0,2.0,-200.0,563900.0,3838.0,3,4.0,2326.0,,,singleFamily,13,650980.0,2025,https://www.zillow.com,https://photos.zillowstatic.com/fp/860d7dacfcb0221985c89064afafa7fd-p_c.jpg,2026-08-03 11:19,For Rent
96493751,4616 Steel St,75219,Dallas,TX,32.81354,-96.82376,3300.0,2.0,,494700.0,3811.0,3,4.0,2102.0,,,townhome,40,577070.0,2025,https://www.zillow.com,https://photos.zillowstatic.com/fp/984bd08355e672560700445868cacc9e-p_c.jpg,2026-08-03 11:19,For Rent
162378695,4347 Harvest Hill Rd,75244,Dallas,TX,32.92256,-96.83487,2650.0,1.0,,483200.0,3071.0,3,2.0,2000.0,,,singleFamily,22,342530.0,2025,https://www.zillow.com,https://photos.zillowstatic.com/fp/615286931385cc46cf9792fbd1f1bd33-p_c.jpg,2026-08-03 11:19,For Rent
26714027,916 S Rosemont Ave,75208,Dallas,TX,32.736736,-96.84763,2400.0,2.0,-100.0,304500.0,2279.0,3,2.0,1254.0,,,singleFamily,33,288510.0,2025,https://www.zillow.com,https://photos.zillowstatic.com/fp/5ea722f8fd03fbb0eb374e1eba12ff32-p_c.jpg,2026-08-03 11:19,For Rent
26869019,9690 Fallbrook Dr,75243,Dallas,TX,32.90194,-96.72848,8000.0,2.0,,813000.0,7345.0,5,4.0,3913.0,,,singleFamily,39,624650.0,2025,https://www.zillow.com,https://photos.zillowstatic.com/fp/a050a6572684467826e26f55d066771c-p_c.jpg,2026-08-03 11:19,For Rent
26840490,2303 Sutter St,75216,Dallas,TX,32.721706,-96.78621,2800.0,1.0,,297100.0,2815.0,4,3.0,2587.0,,,singleFamily,385,343710.0,2025,https://www.zillow.com,https://photos.zillowstatic.com/fp/6b67674d96ef7cb5a91fb77314468799-p_c.jpg,2026-08-03 11:19,For Rent
26838001,7847 Northaven Rd,75230,Dallas,TX,32.901756,-96.7724,6000.0,2.0,-3950.0,949100.0,3752.0,3,2.0,2618.0,,,singleFamily,88,923140.0,2025,https://www.zillow.com,https://photos.zillowstatic.com/fp/54e8beddf63f13de336deff37320d0b4-p_c.jpg,2026-08-03 11:19,For Rent
26684861,626 Wayne St,75223,Dallas,TX,32.79822,-96.7505,3850.0,2.0,-100.0,1197300.0,3646.0,3,3.0,2100.0,,,singleFamily,111,145000.0,2025,https://www.zillow.com,https://photos.zillowstatic.com/fp/bc8aef5e7c89423aa270aa066b207464-p_c.jpg,2026-08-03 11:19,For Rent
26810268,3165 Lockmoor Ln,75220,Dallas,TX,32.879326,-96.872765,2548.0,1.0,-110.0,443600.0,3762.0,3,2.0,1949.0,,,singleFamily,59,469470.0,2025,https://www.zillow.com,https://photos.zillowstatic.com/fp/4787f4c66b57ff2874bcf7255e1c09be-p_c.jpg,2026-08-03 11:19,For Rent
26788243,3603 Manana Dr,75220,Dallas,TX,32.87434,-96.85839,2100.0,2.0,,262800.0,2145.0,2,1.0,869.0,,,singleFamily,37,290000.0,2025,https://www.zillow.com,https://photos.zillowstatic.com/fp/51a9f00ea2591b79502642f5e9f20c11-p_c.jpg,2026-08-03 11:19,For Rent
26706085,6688 Yosemite Ln,75214,Dallas,TX,32.838333,-96.7456,7995.0,3.0,,866500.0,5007.0,4,4.0,2470.0,,,singleFamily,56,735000.0,2025,https://www.zillow.com,https://photos.zillowstatic.com/fp/9d454ce1e407f21bbc205883be6c6fbe-p_c.jpg,2026-08-03 11:19,For Rent
333139997,1771 McCoy St #405,75204,Dallas,TX,32.79641,-96.78906,3700.0,2.0,-100.0,528300.0,3781.0,2,3.0,2063.0,,,townhome,88,598270.0,2025,https://www.zillow.com,https://photos.zillowstatic.com/fp/fbff9682a62c110fc4d105559176e362-p_c.jpg,2026-08-03 11:19,For Rent
339968803,2349 N Carroll Ave,75204,Dallas,TX,32.807476,-96.78601,2950.0,2.0,-300.0,445900.0,3496.0,2,3.0,1503.0,,,townhome,34,649000.0,2025,https://www.zillow.com,https://photos.zillowstatic.com/fp/aff3678544af617ffdf76c72d31a0492-p_c.jpg,2026-08-03 11:19,For Rent
26697005,5011 Parkland Ave,75235,Dallas,TX,32.81707,-96.82826,2550.0,3.0,-200.0,370700.0,2498.0,2,1.0,985.0,,,singleFamily,51,374890.0,2025,https://www.zillow.com,https://photos.zillowstatic.com/fp/ca5c7868a0dff20fbe440a3eb0f1367a-p_c.jpg,2026-08-03 11:19,For Rent
69676120,6139 Reiger Ave,75214,Dallas,TX,32.807335,-96.750275,2300.0,2.0,,375000.0,2766.0,2,1.0,1370.0,,,singleFamily,46,,,https://www.zillow.com,https://photos.zillowstatic.com/fp/37e18b4610bf172c9ee3fc605afadb1a-p_c.jpg,2026-08-03 11:19,For Rent
26875933,6434 Southpoint Dr,75248,Dallas,TX,32.977715,-96.79732,3950.0,2.0,,412100.0,2892.0,3,3.0,2358.0,,,townhome,57,348560.0,2025,https://www.zillow.com,https://photos.zillowstatic.com/fp/738ca9cef77094c3ba11e20190e4c975-p_c.jpg,2026-08-03 11:19,For Rent
245228836,5816 Lindell Ave Unit 2,75206,Dallas,TX,32.808662,-96.76722,3995.0,2.0,-205.0,756500.0,4788.0,2,3.0,2187.0,,,townhome,69,635040.0,2025,https://www.zillow.com,https://photos.zillowstatic.com/fp/a7a2ee4e912debd515ea541f6891f66d-p_c.jpg,2026-08-03 11:19,For Rent
67964128,12905 Kleberg Rd,75253,Dallas,TX,32.673622,-96.61678,1795.0,1.0,,223700.0,1725.0,3,2.0,1268.0,2004.0,,singleFamily,2,233600.0,2025,https://www.zillow.com,https://photos.zillowstatic.com/fp/ff6bb7b566a658a8cd21f6a13d243047-p_c.jpg,2026-08-03 11:19,For Rent
26757455,5605 Lobello Dr,75229,Dallas,TX,32.892513,-96.8113,13500.0,3.0,,2341700.0,7918.0,5,5.0,5039.0,,,singleFamily,62,2197540.0,2025,https://www.zillow.com,https://photos.zillowstatic.com/fp/d9752ba88042acf98137ec153fdebdec-p_c.jpg,2026-08-03 11:19,For Rent
26829446,5640 Harvest Hill Rd,75230,Dallas,TX,32.922253,-96.80949,1995.0,2.0,,181100.0,1892.0,2,2.0,1150.0,,,townhome,2,160000.0,2025,https://www.zillow.com,https://photos.zillowstatic.com/fp/793c775fc026e4bc346d77a606e47f80-p_c.jpg,2026-08-03 11:19,For Rent
96497201,6523 Prairie Flower Trl,75227,Dallas,TX,32.77937,-96.70669,3300.0,2.0,,385500.0,2514.0,3,2.0,2120.0,,,singleFamily,2,362920.0,2025,https://www.zillow.com,https://photos.zillowstatic.com/fp/dae0a63be78950ca7f3aaff9d82b18d2-p_c.jpg,2026-08-03 11:19,For Rent
89226286,1306 Pigeon Ct,75051,Grand Prairie,TX,32.72745,-96.98624,3800.0,1.0,,344500.0,3288.0,3,3.0,3000.0,,,singleFamily,3,380430.0,2025,https://www.zillow.com,https://photos.zillowstatic.com/fp/05b348178f689a91ed649848d568c6c4-p_c.jpg,2026-08-03 11:19,For Rent
26876469,6009 Springflower Trl,75248,Dallas,TX,32.978798,-96.8026,3499.0,2.0,-101.0,531800.0,3998.0,3,3.0,2270.0,,,singleFamily,30,541510.0,2025,https://www.zillow.com,https://photos.zillowstatic.com/fp/172176242e86982cfefbfb0118779d33-p_c.jpg,2026-08-03 11:19,For Rent
26926703,3921 Inwood Rd APT 2015,75209,Dallas,TX,32.834305,-96.82345,1325.0,2.0,,139200.0,1351.0,1,1.0,650.0,,,apartment,5,146250.0,2025,https://www.zillow.com,https://photos.zillowstatic.com/fp/f49ca0d3fa35a5bb1c15bf1b7f628e27-p_c.jpg,2026-08-03 11:19,For Rent
26610204,4050 Frankford Rd APT 102,75287,Dallas,TX,32.99708,-96.84079,2295.0,2.0,,254800.0,2280.0,2,3.0,1425.0,,,apartment,3,265974.0,2025,https://www.zillow.com,https://photos.zillowstatic.com/fp/1b0987fbabb0145c3ddb2e717e7c5c46-p_c.jpg,2026-08-03 11:19,For Rent
2087499017,5054 W University Blvd APT A,75209,Dallas,TX,32.84493,-96.82384,1300.0,3.0,,,1274.0,1,1.0,480.0,,,apartment,17,,,https://www.zillow.com,https://photos.zillowstatic.com/fp/b9d8be6916fa6daa3235f14aeec7f59a-p_c.jpg,2026-08-03 11:19,For Rent
26849891,10907 Cotillion Dr,75228,Dallas,TX,32.841114,-96.65794,1950.0,2.0,,258400.0,2111.0,3,1.0,1151.0,1955.0,,singleFamily,0,232130.0,2025,https://www.zillow.com,https://photos.zillowstatic.com/fp/35174e5fe735389f00d2ddeeb31a6a85-p_c.jpg,2026-08-03 11:19,For Rent
26892258,7110 Christie Ln,75249,Dallas,TX,32.64288,-96.944725,2149.0,2.0,,231300.0,2399.0,3,2.0,1400.0,1976.0,,singleFamily,1,229440.0,2025,https://www.zillow.com,https://photos.zillowstatic.com/fp/fa5af133a321f85f136d206faf68d2a6-p_c.jpg,2026-08-03 11:19,For Rent
26693057,3917 Hawthorne Ave,75219,Dallas,TX,32.822983,-96.81044,2175.0,2.0,,,2218.0,2,1.0,1400.0,,,apartment,1,803620.0,2025,https://www.zillow.com,https://photos.zillowstatic.com/fp/b0d7c6e9fdd1e5d3771957225ba2ec20-p_c.jpg,2026-08-03 11:19,For Rent
162162221,4624 San Jacinto St APT B,75204,Dallas,TX,32.80355,-96.77679,1799.0,1.0,,244500.0,2252.0,2,3.0,1315.0,,,townhome,1,230000.0,2025,https://www.zillow.com,https://photos.zillowstatic.com/fp/e1d44e6287b2bcc78c195c4c1a8dcb35-p_c.jpg,2026-08-03 11:19,For Rent
26893265,10022 Deer Hollow Dr,75249,Dallas,TX,32.625835,-96.95077,1899.0,1.0,,217000.0,1955.0,3,2.0,1325.0,1979.0,,singleFamily,2,239000.0,2025,https://www.zillow.com,https://photos.zillowstatic.com/fp/dd0b1f0f544af697e4202869e5e32ea0-p_c.jpg,2026-08-03 11:19,For Rent
26741992,10130 Eastwood Dr,75228,Dallas,TX,32.83223,-96.68555,2455.0,2.0,,319800.0,2034.0,3,2.0,1188.0,1952.0,8712.0,singleFamily,2,297870.0,2025,https://www.zillow.com,https://photos.zillowstatic.com/fp/cfb033d4872ca41dd0b8cc6610ee3ef4-p_c.jpg,2026-08-03 11:19,For Rent
26677966,817 Pavillion St APT 104,75204,Dallas,TX,32.79246,-96.7884,2098.0,2.0,,209600.0,1954.0,1,2.0,968.0,,,apartment,2,212960.0,2025,https://www.zillow.com,https://photos.zillowstatic.com/fp/9c4b47d2b1477a5746fedba0ac8926b7-p_c.jpg,2026-08-03 11:19,For Rent
26750041,7017 Haverford Dr,75220,Dallas,TX,32.85296,-96.741615,4200.0,3.0,,553100.0,3111.0,3,2.0,1511.0,,,singleFamily,2,545000.0,2025,https://www.zillow.com,https://photos.zillowstatic.com/fp/2d65bcddf9760e95778edd1064e9d4fc-p_c.jpg,2026-08-03 11:19,For Rent
26925161,7431 Holly Hill Dr APT 102,75231,Dallas,TX,32.878807,-96.75621,1199.0,2.0,-50.0,88100.0,1087.0,1,1.0,616.0,,,apartment,10,114060.0,2025,https://www.zillow.com,https://photos.zillowstatic.com/fp/abdbaf5df6cdaecee47cdda874370ecb-p_c.jpg,2026-08-03 11:19,For Rent
84003497,2204 Apollonia Ln,75204,Dallas,TX,32.80884,-96.78161,3125.0,2.0,,533800.0,3521.0,3,3.0,1910.0,2007.0,,singleFamily,3,528950.0,2025,https://www.zillow.com,https://photos.zillowstatic.com/fp/ab0052c62736fa6b90fb72714f197d81-p_c.jpg,2026-08-03 11:19,For Rent
61869656,2712 Tranquil Way,75237,Dallas,TX,32.652866,-96.86251,2315.0,1.0,,270800.0,2102.0,3,2.0,1778.0,,,singleFamily,3,276730.0,2025,https://www.zillow.com,https://photos.zillowstatic.com/fp/cc6719ee77f7b3a508991438f826534d-p_c.jpg,2026-08-03 11:19,For Rent
162326268,3415 Chihuahua St,75212,Dallas,TX,32.784,-96.84583,5000.0,2.0,,,3885.0,4,4.0,2367.0,,,singleFamily,4,598980.0,2025,https://www.zillow.com,https://photos.zillowstatic.com/fp/7713f47d7932f4201dd1b3908f0c993b-p_c.jpg,2026-08-03 11:19,For Rent
26709443,828 W 8th St,75208,Dallas,TX,32.747868,-96.83708,3095.0,2.0,,382400.0,2996.0,3,2.0,1432.0,,,singleFamily,12,401520.0,2025,https://www.zillow.com,https://photos.zillowstatic.com/fp/0a4002d8479427ac74353706924b7448-p_c.jpg,2026-08-03 11:19,For Rent
2060253715,4625 E Side Ave #4,75226,Dallas,TX,32.792572,-96.76481,1225.0,2.0,,,1086.0,1,1.0,725.0,,,apartment,2,,,https://www.zillow.com,https://photos.zillowstatic.com/fp/8ce5d82174ff988487a54114578fd741-p_c.jpg,2026-08-03 11:19,For Rent
26834317,4022 Baker Ave,75212,Dallas,TX,32.790604,-96.87152,2000.0,2.0,,186000.0,1954.0,3,1.0,1276.0,,,singleFamily,4,211830.0,2025,https://www.zillow.com,https://photos.zillowstatic.com/fp/1cb7e8c6135f6a66bc0033640e71bb11-p_c.jpg,2026-08-03 11:19,For Rent
2146736421,10406 Shadow Bend Dr,75230,Dallas,TX,32.88719,-96.78461,2600.0,2.0,,469700.0,2591.0,3,2.0,1618.0,,,singleFamily,6,,,https://www.zillow.com,https://photos.zillowstatic.com/fp/5685ae83a52651717a1ff1bf1c94f948-p_c.jpg,2026-08-03 11:19,For Rent
26688558,2719 Gertrude Ave,75210,Dallas,TX,32.770573,-96.74788,1995.0,1.0,,236200.0,1931.0,4,2.0,1530.0,,,singleFamily,3,238260.0,2025,https://www.zillow.com,https://photos.zillowstatic.com/fp/2c802a1b8a99f5a1dca6763ade9f9de6-p_c.jpg,2026-08-03 11:19,For Rent
26757702,5804 Norway Rd,75230,Dallas,TX,32.88841,-96.80816,6800.0,3.0,-200.0,1453400.0,6798.0,3,3.0,2709.0,,,singleFamily,10,1215650.0,2025,https://www.zillow.com,https://photos.zillowstatic.com/fp/0fa9cc7337b791aecfa1dc3afa71a54a-p_c.jpg,2026-08-03 11:19,For Rent
67962131,3075 Saint Nicholas Dr,75233,Dallas,TX,32.70854,-96.868225,2750.0,1.0,,296500.0,2769.0,4,2.0,2288.0,,,singleFamily,9,332570.0,2025,https://www.zillow.com,https://photos.zillowstatic.com/fp/7ca7383b30ab7c37f9780b2da96b486b-p_c.jpg,2026-08-03 11:19,For Rent
26837665,2502 Costa Mesa Dr,75228,Dallas,TX,32.853085,-96.67055,2370.0,1.0,,303000.0,2363.0,4,2.0,2072.0,1953.0,,singleFamily,10,302630.0,2025,https://www.zillow.com,https://photos.zillowstatic.com/fp/3c3fc2038f80cf5cc3c8f2fcc2c1561b-p_c.jpg,2026-08-03 11:19,For Rent
2054601323,426 W 9th St #108,75208,Dallas,TX,32.746037,-96.82971,3900.0,2.0,,601600.0,4109.0,3,4.0,2150.0,,,townhome,7,647120.0,2025,https://www.zillow.com,https://photos.zillowstatic.com/fp/e51f472919a101defeaeb54d7231ce6d-p_c.jpg,2026-08-03 11:19,For Rent
2058491254,2714 N Carroll Ave #101,75204,Dallas,TX,32.810467,-96.78897,5400.0,2.0,-100.0,601800.0,4531.0,3,4.0,2199.0,,,townhome,88,,,https://www.zillow.com,https://photos.zillowstatic.com/fp/d8cca2974f2a6a5e51596c63da8d5304-p_c.jpg,2026-08-03 11:19,For Rent
2061001719,4010 Copeland St,75210,Dallas,TX,32.769436,-96.74521,1895.0,1.0,,219200.0,2249.0,4,3.0,1545.0,,,singleFamily,2,,,https://www.zillow.com,https://photos.zillowstatic.com/fp/46a3f6f9bb148870ffbdc242398a232c-p_c.jpg,2026-08-03 11:19,For Rent
111960772,3611 Rio Blanco Dr,75227,Dallas,TX,32.7679,-96.650505,2635.0,1.0,,277300.0,2397.0,4,3.0,1996.0,2006.0,,singleFamily,8,300410.0,2025,https://www.zillow.com,https://photos.zillowstatic.com/fp/9f617b1ea4063b4b0a836ee0544ede16-p_c.jpg,2026-08-03 11:19,For Rent
162393453,3619 Edgar Pl,75204,Dallas,TX,32.794872,-96.78492,4250.0,2.0,,394000.0,3858.0,2,3.0,2116.0,,,singleFamily,19,420000.0,2025,https://www.zillow.com,https://www.zillowstatic.com/static/images/nophoto_p_c.png,2026-08-03 11:19,For Rent
26831159,8514 Sweetwater Dr,75228,Dallas,TX,32.80706,-96.70057,2595.0,2.0,,392300.0,2293.0,3,2.0,1590.0,,,singleFamily,4,407820.0,2025,https://www.zillow.com,https://photos.zillowstatic.com/fp/f7ff587141e1b1df6166c3570f545ae0-p_c.jpg,2026-08-03 11:19,For Rent
463861608,4100 Swiss Ave #2B,75204,Dallas,TX,32.79494,-96.77779,1299.0,1.0,,,1529.0,2,1.0,880.0,,,apartment,19,,,https://www.zillow.com,https://photos.zillowstatic.com/fp/98ef0144e66bb6ef02e56238183bab8e-p_c.jpg,2026-08-03 11:19,For Rent
26693147,4502 Holland Ave,75219,Dallas,TX,32.82095,-96.81188,4500.0,2.0,,,5220.0,3,4.0,2882.0,,,townhome,12,4900000.0,2016,https://www.zillow.com,https://photos.zillowstatic.com/fp/aa8a4bef750d5e1303802ae18dd3c41d-p_c.jpg,2026-08-03 11:19,For Rent
26874911,15787 El Estado Dr,75248,Dallas,TX,32.964344,-96.772224,1995.0,1.0,,468500.0,2380.0,3,2.0,1453.0,,,singleFamily,3,427620.0,2025,https://www.zillow.com,https://photos.zillowstatic.com/fp/2d79d31043501f0bc66d5aa58b03ed72-p_c.jpg,2026-08-03 11:19,For Rent
27305956,3623 Rodale Way,75287,Dallas,TX,33.004116,-96.85107,2950.0,1.0,,473700.0,2968.0,3,3.0,2437.0,,,singleFamily,19,468963.0,2025,https://www.zillow.com,https://photos.zillowstatic.com/fp/d8c2fcee2db778b06b51d87711810482-p_c.jpg,2026-08-03 11:19,For Rent
464156977,13441 Blossomheath Ln,75240,Dallas,TX,32.930386,-96.76726,2025.0,2.0,,212100.0,,3,2.0,1300.0,,,singleFamily,7,,,https://www.zillow.com,https://photos.zillowstatic.com/fp/e24a3c1b55a6da8211d56d1bb8387b5d-p_c.jpg,2026-08-03 11:19,For Rent
162199222,1324 Kings Hwy #3,75208,Dallas,TX,32.752487,-96.84347,1595.0,2.0,,,1651.0,1,1.0,968.0,,,apartment,10,309080.0,2025,https://www.zillow.com,https://photos.zillowstatic.com/fp/ea9b192a1b268288fe86166146277e94-p_c.jpg,2026-08-03 11:19,For Rent
463785623,1430 Pecos St #4,75204,Dallas,TX,32.795647,-96.78425,3400.0,2.0,,,3566.0,2,3.0,2265.0,,,apartment,23,,,https://www.zillow.com,https://photos.zillowstatic.com/fp/cd7daf2b1e780dfa7c6a7c1d521cdda5-p_c.jpg,2026-08-03 11:19,For Rent
463937116,2434 Sharon St #A,75211,Dallas,TX,32.729897,-96.85843,2700.0,3.0,,,2436.0,3,2.0,1050.0,,,apartment,17,,,https://www.zillow.com,https://photos.zillowstatic.com/fp/d81bee19bccf108f2faa1d7d47fafc4f-p_c.jpg,2026-08-03 11:19,For Rent
67951994,7103 London Fog Dr,75227,Dallas,TX,32.76293,-96.69785,2095.0,1.0,-40.0,268700.0,2127.0,3,2.0,1807.0,,,singleFamily,11,277250.0,2025,https://www.zillow.com,https://photos.zillowstatic.com/fp/f5cbdc096d9fdd13f981cc17920cf0be-p_c.jpg,2026-08-03 11:19,For Rent
304023240,17534 Sequoia Dr,75252,Dallas,TX,32.989193,-96.76111,3795.0,1.0,,686400.0,4013.0,3,3.0,2835.0,,,singleFamily,12,681764.0,2025,https://www.zillow.com,https://photos.zillowstatic.com/fp/1825182a6ea19ac6d93cbcad7d3a4ee9-p_c.jpg,2026-08-03 11:19,For Rent
460974184,205-207 N Tennant St #205,75208,Dallas,TX,32.74742,-96.85577,1450.0,2.0,,,1762.0,2,1.0,900.0,,,apartment,19,,,https://www.zillow.com,https://photos.zillowstatic.com/fp/fa50bdaaeeb579150bee93e2ae1e7131-p_c.jpg,2026-08-03 11:19,For Rent
303982369,1343 Barrel Dr,75253,Dallas,TX,32.674103,-96.584175,2630.0,1.0,,299300.0,2289.0,4,3.0,2105.0,2018.0,,singleFamily,16,285160.0,2025,https://www.zillow.com,https://photos.zillowstatic.com/fp/b12498199f7e43b8511ca065d5f1cd3b-p_c.jpg,2026-08-03 11:19,For Rent
26690347,5618 Goodwin Ave,75206,Dallas,TX,32.82322,-96.77145,15500.0,4.0,,2190300.0,5696.0,4,3.0,4169.0,,,singleFamily,8,1992090.0,2025,https://www.zillow.com,https://www.zillowstatic.com/static/images/nophoto_p_c.png,2026-08-03 11:19,For Rent
162814539,12834 Kyla Jean Ct,75253,Dallas,TX,32.6971,-96.60039,2370.0,1.0,,285400.0,2252.0,4,3.0,1687.0,,,singleFamily,11,279760.0,2025,https://www.zillow.com,https://photos.zillowstatic.com/fp/342ed9227754a0c3a70873ca9a90bca0-p_c.jpg,2026-08-03 11:19,For Rent
336872197,14259 Chaps Dr,75253,Dallas,TX,32.67361,-96.58677,2235.0,1.0,,254900.0,2097.0,4,2.0,1600.0,2019.0,,singleFamily,8,262520.0,2025,https://www.zillow.com,https://photos.zillowstatic.com/fp/02084eee19244e16f1600b8c1e10fab0-p_c.jpg,2026-08-03 11:19,For Rent
69670337,6624 Jollyn Ct,75241,Dallas,TX,32.66929,-96.79699,2195.0,1.0,,263600.0,2232.0,4,2.0,1839.0,2005.0,,singleFamily,4,269000.0,2025,https://www.zillow.com,https://photos.zillowstatic.com/fp/10a0f9556a8e4cc633f40f659b2186a1-p_c.jpg,2026-08-03 11:19,For Rent
2101377462,6131 Oram St APT 5,75214,Dallas,TX,32.814137,-96.76016,4175.0,3.0,-320.0,399500.0,3334.0,2,2.0,1372.0,,,townhome,20,,,https://www.zillow.com,https://photos.zillowstatic.com/fp/893dc06e3b089dc99fc4502202e00687-p_c.jpg,2026-08-03 11:19,For Rent
26855685,7709 Texridge Dr,75232,Dallas,TX,32.653828,-96.82452,2730.0,1.0,,304600.0,2694.0,5,3.0,2185.0,1968.0,,singleFamily,9,322970.0,2025,https://www.zillow.com,https://photos.zillowstatic.com/fp/d86265ba405e98cb7640e3b043fc852d-p_c.jpg,2026-08-03 11:19,For Rent
96519063,15639 Danson Dr,75253,Dallas,TX,32.686478,-96.58124,2405.0,2.0,,255000.0,2260.0,4,2.0,1593.0,2012.0,,singleFamily,18,259320.0,2025,https://www.zillow.com,https://photos.zillowstatic.com/fp/d006e4a917f4dac9fd7435f88b9100f7-p_c.jpg,2026-08-03 11:19,For Rent
26859630,13439 Blossomheath Ln,75240,Dallas,TX,32.930416,-96.76729,2025.0,2.0,,376700.0,2836.0,3,2.0,1300.0,,,singleFamily,7,437300.0,2025,https://www.zillow.com,https://photos.zillowstatic.com/fp/e24a3c1b55a6da8211d56d1bb8387b5d-p_c.jpg,2026-08-03 11:19,For Rent
2079361519,4914 Victor St APT 3,75214,Dallas,TX,32.79735,-96.76511,1995.0,2.0,-155.0,,1986.0,2,1.0,1133.0,,,apartment,26,,,https://www.zillow.com,https://photos.zillowstatic.com/fp/70f4d6155ee879e129d7960b5ae7d4d4-p_c.jpg,2026-08-03 11:19,For Rent
96514654,3107 Sunny Brae Dr,75204,Dallas,TX,32.795937,-96.79173,3150.0,2.0,,811800.0,2995.0,2,3.0,1818.0,,,apartment,20,469300.0,2025,https://www.zillow.com,https://photos.zillowstatic.com/fp/a9db9037f65350cb0cce394ed6bb8773-p_c.jpg,2026-08-03 11:19,For Rent
463699833,2345 Hondo Ave #1,75219,Dallas,TX,32.808067,-96.82368,4800.0,2.0,,,5184.0,4,4.0,2786.0,,,apartment,26,,,https://www.zillow.com,https://photos.zillowstatic.com/fp/13809d6c54cadf5c05a9d233d58479c3-p_c.jpg,2026-08-03 11:19,For Rent
69676370,13208 Pine Valley Dr,75253,Dallas,TX,32.66917,-96.61684,1855.0,1.0,,216600.0,1724.0,3,2.0,1317.0,2005.0,5009.400000000001,singleFamily,6,206140.0,2025,https://www.zillow.com,https://photos.zillowstatic.com/fp/c782c77f9fddee951e20eaa08cd82ce3-p_c.jpg,2026-08-03 11:19,For Rent
